,title,wakati_title
po000001,開港112年　函館港まつり,"['開港', '112年', '函館港', 'まつり']"
po000002,開港111年　函館港まつり,"['開港', '111年', '函館港', 'まつり']"
po000005,開港109年記念　函館港まつり,"['開港', '109年', '記念', '函館港', 'まつり']"
po000006,開港108年記念　函館港まつり,"['開港', '108年', '記念', '函館港', 'まつり']"
po000008,港まつり,"['港', 'まつり']"
po000011,函館市港まつり,"['函館市', '港', 'まつり']"
po000012,函館日日新聞社,"['函館', '日日', '新聞社']"
po000013,婦女界,['婦女界']
po000015,開港119年記念函館港まつり,"['開港', '119年', '記念', '函館港', 'まつり']"
po000017,開港百十八年記念函館港まつり,"['開港', '百', '十', '八', '年', '記念', '函館港', 'まつり']"
po000018,開港116年記念　ペリー来航120周年　函館港まつり,"['開港', '116年', '記念', 'ペリー', '来航', '120周年', '函館港', 'まつり']"
po000020,開港百十三年記念　函館港まつり,"['開港', '百', '十', '三', '年', '記念', '函館港', 'まつり']"
po000022,長編講談,"['長編', '講談']"
po000023,岩波講座　日本文学,"['岩波講座', '日本文学']"
po000024,婦人世界,['婦人世界: error']
po000025,少女の友,['少女の友']
po000026,日本少年,"['日本', '少年']"
po000027,開港121年記念　函館港まつり,"['開港', '121年', '記念', '函館港', 'まつり']"
po000029,さっぽろ,['さっぽろ']
po000030,岩橋英遠展,"['岩橋英遠: error', '展']"
po000032,はこだて　,[]
po000033,松前,['松前']
po000034,松前,['松前']
po000035,第10回箱館五稜郭祭,"['10回', '箱', '館', '五稜郭', '祭']"
po000038,恐山（国鉄周遊指定地）と薬研温泉,"['恐山', '国鉄', '周遊', '指定', '地', '薬研温泉: error']"
po000039,松前,['松前']
po000041,はこだて　,[]
po000042,はこだて　,[]
po000043,はこだて　,[]
po000044,はこだて　,[]
po000045,函館　[函館観光ポスター],"['函館', '函館', '観光', 'ポスター']"
po000046,函館　,['函館']
po000047,函館　[函館観光ポスター],"['函館', '函館', '観光', 'ポスター']"
po000048,はこだて　,[]
po000049,松前,['松前']
po000050,松前,['松前']
po000051,松前,['松前']
po000052,松前,['松前']
po000053,オリンピック東京大会,"['オリンピック', '東京大会']"
po000057,京都へ,['京都']
po000058,家庭と青少年の日,"['家庭', '青少年', '日']"
po000059,たすけあって共同募金,['共同募金']
po000060,発明の日,['発明の日: error']
po000061,春の交通安全　道民総ぐるみ運動,"['春', '交通安全', '道民', '総', 'ぐるみ', '運動']"
po000062,交通安全,['交通安全']
po000063,港まつり,"['港', 'まつり']"
po000067,函館開港百年記念展,"['函館', '開港', '百', '年', '記念', '展']"
po000068,東日本名物名産共進展　,"['東日本', '名物', '名産', '共', '進展']"
po000069,北海道立美術館　1971,"['北海道', '立', '美術館', '1971']"
po000070,函館開港百年祭,"['函館', '開港', '百', '年', '祭']"
po000072,古代カルタゴ美術展,"['古代', 'カルタゴ', '美術', '展']"
po000073,北海道立近代美術館,['北海道立近代美術館']
po000074,北海道立三岸好太郎美術館,['北海道立三岸好太郎美術館: error']
po000075,ARTDEKOガラスの美,"['ARTDEKO: error', 'ガラス', '美']"
po000076,フランス美術《栄光の300年》,"['フランス', '美術', '栄光', '300年']"
po000077,札幌オリンピックを成功させよう,"['札幌オリンピック', '成功']"
po000078,第9回国民体育大会,['第9回国民体育大会: error']
po000082,開港103年記念　函館港まつり,"['開港', '103年', '記念', '函館港', 'まつり']"
po000083,開港九十年港まつり記念　昭和23年度函館観光写真コンクール,"['開港', '九', '十', '年', '港', 'まつり', '記念', '昭和', '23年度', '函館', '観光', '写真', 'コンクール']"
po000084,開港105年記念　’63はこだて港まつり,"['開港', '105年', '記念', '63', '港', 'まつり']"
po000085,開港九十年記念　函館港まつり,"['開港', '九', '十', '年', '記念', '函館港', 'まつり']"
po000086,たくぎんの1969年カレンダー,"['たくぎん', '1969年', 'カレンダー']"
po000087,水道の普及と料金　,"['水道', '普及', '料金']"
po000089,第9回　国体ラグビー,"['9回', '国体', 'ラグビー']"
po000090,スキーと冬山の写真展,"['スキー', '冬山', '写真展']"
po000091,第9回　国体卓球,"['9回', '国体', '卓球']"
po000092,1952ヘルシンキオリンピックへ選手を送りましょう,"['1952', 'ヘルシンキオリンピック', '選手']"
po000093,第11回札幌オリンピック冬季大会会場予定図,"['11回', '札幌オリンピック', '冬季', '大会', '会場', '予定', '図']"
po000094,国体宝くじ,"['国体', '宝くじ']"
po000095,暮らしの中に光を…貯蓄,"['暮らし', '中', '光', '貯蓄']"
po000096,XI　OlympicWinterGames,"['XI', 'OlympicWinterGames: error']"
po000097,第26回学生広告論文電通賞募集,"['26回', '学生', '広告', '論文', '電通', '賞', '募集']"
po000098,第26回学生広告論文電通賞募集,"['26回', '学生', '広告', '論文', '電通', '賞', '募集']"
po000099,第17回函館山市民ハイキング大会,"['17回', '函館山', '市民', 'ハイキング', '大会']"
po000101,ハイカラ絵日記,"['ハイカラ', '絵日記']"
po000102,港まつり,"['港', 'まつり']"
po000103,開港98年　はこだて港まつり,"['開港', '98年', '港', 'まつり']"
po000104,開港106年　はこだて港まつり,"['開港', '106年', '港', 'まつり']"
po000105,港まつり福引大売出し,"['港', 'まつり', '福引', '大売出し']"
po000106,謹告,['謹告']
po000107,港まつり,"['港', 'まつり']"
po000108,港まつり,"['港', 'まつり']"
po000109,開港97年はこだて港まつり,"['開港', '97年', 'こ', '港', 'まつり']"
po000110,開港九十四周年・北洋漁業再開記念　港まつり,"['開港', '九', '十', '四', '周年', '北洋漁業', '再開', '記念', '港', 'まつり']"
po000111,松竹大歌舞伎特別公演,"['松竹大歌舞伎: error', '特別', '公演']"
po000113,ペリー来航100年記念　港まつり,"['ペリー', '来航', '100年', '記念', '港', 'まつり']"
po000114,開港九十五周年　港まつり,"['開港', '九', '十', '五', '周年', '港', 'まつり']"
po000115,開港107年記念はこだて港まつり,"['開港', '107年', '記念', 'こ', '港', 'まつり']"
po000116,中村善策展,"['中村善策: error', '展']"
po000117,優良児童図書展示会,"['優良', '児童', '図書', '展示会']"
po000118,市民のための大学開放講座,"['市民', 'ため', '大学', '開放', '講座']"
po000120,平成6年度特別展　箱館夢日記＝箱館と南部藩＝,"['平成6年度', '特別展', '箱館', '夢日: error', '記', '箱館', '南部藩']"
po000121,寺崎広業展,"['寺崎広業: error', '展']"
po000122,国画会　渋谷円吉油絵個展,"['国画会', '渋谷', '円吉', '油絵', '個展']"
po000123,冬の交通事故防止運動,"['冬', '交通', '事故防止: error', '運動']"
po000124,EXPO’70日本万国博,"['EXPO', '70日', '万国博']"
po000139,港まつり,"['港', 'まつり']"
po000165,みんなで一掃き　たのしい一日,"['みんな', '一', '一日']"
po000170,国策のグラフ　写真週報　国策のパンフレット　週報,"['国策', 'グラフ', '写真週報', '国策', 'パンフレット', '週報']"
po000172,校註　日本文学大系校註　国歌大系近代　日本文学大系,"['校', '註', '日本文学', '大系', '校', '註', '国歌', '大系', '近代', '日本文学', '大系']"
po000174,国策のグラフ　写真週報,"['国策', 'グラフ', '写真週報']"
po000177,講談倶楽部新年号,"['講談倶楽部', '新年', '号']"
po000178,訳註　初等　英文世界名著全集　全十五巻,"['訳註', '初等', '英文', '世界', '名著', '全集', '十', '五', '巻']"
po000180,開館5周年記念　夷酋列像200年　蠣崎波響とその時代展,"['開館', '5周年', '記念', '夷酋列像: error', '200年', '蠣崎', '波', '響', '時代', '展']"
po000181,丹頂　千歳鶴,"['丹頂', '千歳', '鶴']"
po000183,6月1日～7日　水道週間,"['6月1日', '7日', '水道週間: error']"
po000188,民間放送20周年記念　民放のイメージを標語に,"['民間放送', '20周年', '記念', '民放', 'イメージ', '標語']"
po000189,青少年のために,"['青少年', 'ため']"
po000190,呼んでる待ってる北方領土,['北方領土']
po000192,みんなが貯蓄　住みよい社会,"['みんな', '貯蓄', '社会']"
po000193,お宅にも郵便受けを,"['お宅', '郵便受け']"
po000194,第2回市民劇場準特別公演,"['2回', '市民', '劇場', '特別', '公演']"
po000196,国際フォトニュース　かけ声の仲間,"['国際', 'フォト', 'ニュース', 'かけ声', '仲間']"
po000198,海外研修生募集,"['海外', '研修生', '募集']"
po000199,国をささえる若い力　自衛官募集,"['国', '若い力', '自衛官', '募集']"
po000200,国際フォトニュース　富士に鍛える,"['国際', 'フォト', 'ニュース', '富士']"
po000201,国際フォトニュース　大空の祭典,"['国際', 'フォト', 'ニュース', '大空', '祭典']"
po000202,赤十字看護学生募集,"['赤十字', '看護学生', '募集']"
po000203,世界の巨匠　葛飾北斎展,"['世界', '巨匠', '葛飾北斎', '展']"
po000204,貯蓄増強10月特別運動　明るい家庭　希望の夢は貯蓄から,"['貯蓄', '増強', '10月', '特別', '運動', '家庭', '希望', '夢', '貯蓄']"
po000205,第19回　三国バレエ発表会,"['19回', '三国', 'バレエ', '発表会']"
po000206,きょうは税の相談日よ,"['きょうは', '税', '相談', '日']"
po000207,新入学（園）児童を交通事故から守りましょう　4月1日～4月30日,"['新入学', '園', '児童', '交通事故', '4月1日', '4月30日']"
po000208,たすけあって！赤い羽根のよろこびを,['赤い羽根']
po000209,正しい計量　明るい社会,"['計量', '社会']"
po000210,国民年金に加入しよう,"['国民年金', '加入']"
po000211,明るい家庭に明るい子供,"['家庭', '子供']"
po000212,警察官採用,"['警察官', '採用']"
po000213,春の交通安全運動,"['春', '交通安全運動']"
po000214,北海道中堅青年海外派遣団員募集,"['北海道', '中堅', '青年', '海外', '派遣', '団', '員', '募集']"
po000215,文芸春秋　文化講演会,"['文芸春秋', '文化講演会']"
po000216,お子さまの夢を育てましょう,"['お子さま', '夢']"
po000217,第24回学生広告論文伝通賞作品募集,"['24回', '学生', '広告', '論文', '伝', '通', '賞', '作品募集']"
po000218,第6回　北海道秀作美術展,"['6回', '北海道', '秀作', '美術', '展']"
po000219,函館信用金庫　CALENDAR1970,"['函館信用金庫: error', 'CALENDAR', '1970']"
po000220,航空管制官募集,"['航空管制官', '募集']"
po000221,’73　白楊祭,"['73', '白楊', '祭']"
po000222,昭和48年度　北海道図書館大会,"['昭和48年', '度', '北海道', '図書館', '大会']"
po000223,昭和49年度　慶應義塾大学通信教育部学生募集,"['昭和49年', '度', '慶應義塾大学', '通信', '教育部', '学生', '募集']"
po000224,函館市民会館落成記念バレエフェスティバル,"['函館市民会館', '落成', '記念', 'バレエ', 'フェスティバル']"
po000226,明治はるあき,"['明治', 'はるあ']"
po000227,第11回北海道人形劇フェスティバル,"['11回', '北海道', '人形劇', 'フェスティバル']"
po000228,第7回奨学論文コンテスト,"['7回', '奨学', '論文', 'コンテスト']"
po000229,教護になりませんか　第二十七期生募集,"['教護', '二', '十', '七', '期生', '募集']"
po000231,芸術祭バレエ北海道公演　第10回東京バレエグループ公演,"['芸術祭', 'バレエ', '北海道', '公演', '10回', '東京', 'バレエ', 'グループ', '公演']"
po000233,第10回全国青年政治討論会,"['10回', '全国', '青年', '政治', '討論会']"
po000234,うれしい便り大切な手紙みんな郵便受けで,"['便り', '大切', '手紙', 'みんな', '郵便受け']"
po000235,利子の引きあげ,"['利子', '引きあげ']"
po000236,第22回学生広告論文電通賞作品募集,"['22回', '学生', '広告', '論文', '電通', '賞', '作品募集']"
po000237,第9回海洋少年団北海道大会,"['9回', '海洋少年団', '北海道', '大会']"
po000238,高校生の作文募集　税金についての意見や感想を書いてみよう,"['高校生', '作文', '募集', '税金', '意見', '感想']"
po000239,札幌オリンピック善意通訳募集,"['札幌オリンピック', '善意', '通訳', '募集']"
po000240,アポロのようにスピーディで確実な郵便のおとどけ郵便番号がそれをお約束します,"['アポロ', 'よう', 'スピーディ', '確実', '郵便', '郵便番号', 'それ', 'お約束']"
po000241,第3期　成人学校受講生募集,"['3期', '成人', '学校', '受講', '生', '募集']"
po000242,海上保安大学校　水路科・燈台科・普通科　気象大学校学生募集,"['海上保安大学校', '水路', '科', '燈台', '科', '普通科', '気象大学校: error', '学生', '募集']"
po000243,第14回こどもの読書週間,"['14回', 'こども', '読書週間']"
po000247,夏のレジャーは忍路へ,"['夏', 'レジャー', '忍路']"
po000248,松前,['松前']
po000249,オリンピックへぼくらの代表選手を！,"['オリンピック', 'ぼくら', '代表選手']"
po000250,札幌オリンピックを成功させよう。北海道,"['札幌オリンピック', '成功', '北海道']"
po000252,国家公務員募集,"['国家公務員', '募集']"
po000254,千代田学園　旧千代田テレビ技術学校,"['千代田学園', '千代田', 'テレビ', '技術', '学校']"
po000256,宿泊施設ご案内,"['宿泊施設', '案内']"
po000258,さくらと史蹟の名所　松前,"['さくら', '史蹟', '名所', '松前']"
po000260,物価抑制特別貯蓄運動,"['物価', '抑制', '特別', '貯蓄', '運動']"
po000262,きれいな海のきれいな魚,"['きれいな', '海', 'きれいな', '魚']"
po000263,ひとりで行かないムリしない,"['ムリ', 'しない']"
po000264,学生募集　学士号授与　教職課程併設,"['学生', '募集', '学士号', '授与', '教職課程', '併設']"
po000265,近代詩歌展《その三》　明治・大正の詩人たち,"['近代', '詩歌', '展', '三', '明治', '大正', '詩人', 'たち']"
po000267,国家公務員募集,"['国家公務員', '募集']"
po000268,よみがえる都市河川,"['都市', '河川']"
po000269,№38　青少年フォトニュース,"['38', '青少年', 'フォト', 'ニュース']"
po000270,国際フォトニュース　NOWな青春若人の祭典！,"['国際', 'フォト', 'ニュース', 'NOW', '青春', '若人', '祭典']"
po000271,PhotoStudy1973№5,"['PhotoStudy: error', '1973', '5']"
po000272,PhotoStudy1973№7,"['PhotoStudy: error', '1973', '7']"
po000273,PhotoStudy1973　№9,"['PhotoStudy: error', '1973', '9']"
po000274,PhotoStudy1973,"['PhotoStudy: error', '1973']"
po000275,まりもを故郷え　代りに素晴らしい人造まりもが生れました,"['まりも', '故郷', '代り', '人造', 'まりも']"
po000276,マリモを大切に…,"['マリモ', '大切']"
po000277,TheTokyoNichi=Nichi,"['TheTokyoNichi: error', 'Nichi']"
po000278,国際フォトニュース　海原はるか硫黄島,"['国際', 'フォト', 'ニュース', '海原はるか', '硫黄島']"
po000282,日清汽船株式会社,"['日清汽船: error', '株式会社']"
po000284,足利本銘仙,"['足利', '銘仙']"
po000285,住みよい社会をつくる郵便貯金,"['社会', '郵便貯金']"
po000288,婦人公論　9月号,"['婦人公論', '9月', '号']"
po000291,友愛は心の財産　,"['友愛', '心', '財産']"
po000292,水道があって明るい今日がある　6月1日～7日/第12回・水道週間　,"['水道', '今日', '6月1日', '7日', '12回', '水道週間: error']"
po000294,鯖戸英郎氏・サルコリー氏・ハース氏・ヘンリエッタペレス夫人　演奏会,"['鯖戸: error', '英郎', '氏', 'サル', 'コリー', '氏', 'ハース', '氏', 'ヘンリエッタ', 'ペレス', '夫人', '演奏会']"
po000295,ヴエス軍作画展,"['ヴエス: error', '軍', '作画', '展']"
po000296,ヘレンケラー女史大衆講演会,"['ヘレンケラー', '女史', '大衆', '講演会']"
po000297,天間正五朗　前田政雄　版画展,"['天間', '正五', '朗', '前田', '政雄', '版画', '展']"
po000298,岡田紅陽作品　四季の富士写真展覧会,"['岡田紅陽: error', '作品', '四季', '富士', '写真', '展覧会']"
po000299,前田政雄個人版画展覧会,"['前田', '政雄', '個人', '版画', '展覧会']"
po000300,第三回　彩人社洋画展,"['三', '回', '彩人', '社', '洋画', '展']"
po000301,洋画家　半切画展覧会,"['洋画家', '半切', '画', '展覧会']"
po000302,小村真太郎　洋画版画展覧会,"['小村', '真太郎', '洋画', '版画', '展覧会']"
po000304,第九十七回　札幌修身講話会,"['九', '十', '七', '回', '札幌', '修身', '講話', '会']"
po000305,第10回　札幌修身講話会,"['10回', '札幌', '修身', '講話', '会']"
po000306,第三回　函館市内中等学校　雄弁大会,"['三', '回', '函館市内', '中等学校', '雄弁', '大会']"
po000307,知学　田中巴之助先生特別大講演会,"['知', '学', '田中', '巴', '先生', '特別', '講演会']"
po000308,日本聖公会組織四十年記念　基督教講演会,"['日本聖公会', '組織', '四', '十', '年', '記念', '基督教', '講演会']"
po000309,第3回公演　国防資献金音楽会,"['3回', '公演', '国防', '資', '献金', '音楽会']"
po000310,医学智識普及後援会,"['医学', '智識', '普及', '後援会']"
po000311,北光トリオ第一回大演奏会,"['北光', 'トリオ', '一', '回', '大', '演奏会']"
po000312,筑前琵琶宗家　橘旭宗先生歓迎大演奏会,"['筑前琵琶', '宗家', '橘', '旭', '宗', '先生', '歓迎', '演奏会']"
po000313,音楽大演奏会,"['音楽', '演奏会']"
po000314,音楽と童謡舞踊の夕,"['音楽', '童謡', '舞踊', '夕']"
po000315,第一回　演奏会,"['一', '回', '演奏会']"
po000316,画邦　橋浦泰雄個人展覧会,"['画', '邦', '橋浦泰雄: error', '個人', '展覧会']"
po000317,児童自由画懸賞募集,"['児童', '自由', '画', '懸賞', '募集']"
po000318,マンドリンオルケストラ公開演奏会,"['マンドリンオルケストラ: error', '公開', '演奏会']"
po000319,明治大学ハーモニカ　ソサェティー大演奏会,"['明治大学', 'ハーモニカ', 'ソサェティー: error', '演奏会']"
po000320,コロムビア専属芸術家　巴里ラムルウ管弦楽団独唱者　佐藤美子独唱会,"['コロムビア', '専属', '芸術家', '巴里', 'ラムルウ: error', '管弦楽団', '独唱', '者', '佐藤美子: error', '独唱', '会']"
po000321,我が楽界の巨星　山田耕作氏作品発表大演奏会,"['楽界', '巨星', '山田耕作', '氏', '作品', '発表', '演奏会']"
po000322,駒ヶ嶽爆発罹災義捐大演奏会　早稲田大学オーケストラ団一行,"['駒ヶ嶽', '爆発', '罹災', '義捐', '演奏会', '早稲田大学', 'オーケストラ', '団', '一', '行']"
po000323,コドモの会,"['コドモ', '会']"
po000324,塗料智識普及宣博,"['塗料', '智識', '普及', '宣博']"
po000326,久留島武彦氏　お伽二十五周年記念会,"['久留島武彦: error', '氏', 'お伽', '二', '十', '五', '周年', '記念', '会']"
po000328,声楽の夕,"['声楽', '夕']"
po000329,満州事情展覧会,"['満州', '事情', '展覧会']"
po000330,海の展覧会,"['海', '展覧会']"
po000331,五稜郭懐旧館は,"['五稜郭', '懐旧', '館']"
po000332,COMMERCIALSHOWROOM,['COMMERCIALSHOWROOM: error']
po000333,函館青森間貨車航送記念共進会,"['函館', '青森', '間', '貨車', '航', '記念', '共進会']"
po000334,福引,['福引']
po000335,北海道畜産産馬共進会,"['北海道', '畜産', '産', '馬', '共進会']"
po000336,釧路海陸物産共進会,"['釧路', '海陸', '物産', '共進会']"
po000337,岩手県物産共進会,"['岩手県', '物産', '共進会']"
po000338,第十五回　全国特産品博覧会,"['十', '五', '回', '全国', '特産品', '博覧会']"
po000340,第十回全国特産品　博覧会開設,"['十', '回', '全国', '特産品', '博覧会', '開設']"
po000341,教育博覧会,"['教育', '博覧会']"
po000342,御聖徳景仰　明治大帝御一代展覧会,"['聖徳', '景仰', '明治', '大帝', '一', '代', '展覧会']"
po000343,大名古屋土地博覧会,"['名古屋', '土地', '博覧会']"
po000344,国産振興　北海道拓殖博覧会,"['国産', '振興', '北海道拓殖: error', '博覧会']"
po000347,函館商品陳列館,"['函館', '商品', '陳列', '館']"
po000350,奥羽六県連合馬匹共進会,"['奥', '羽六', '県', '連合', '馬匹', '共進会']"
po000351,全国優良土産品及包装紙展覧会,"['全国', '優良', '土産', '品', '及', '包装', '紙', '展覧会']"
po000352,メートルとサイズ展覧会,"['メートル', 'サイズ', '展覧会']"
po000353,国防と産業大博覧会,"['国防', '産業', '博覧会']"
po000355,市立電気科学館,"['市立', '電気', '科学館']"
po000356,満蒙資源館,"['満蒙', '資源', '館']"
po000357,紀元二千六百年記念　昭和十五年開催　日本万国博覧会,"['紀元二千六百年', '記念', '昭和', '十', '五', '年', '開催', '日本万国博覧会']"
po000358,日満産業大博覧会,['日満産業大博覧会: error']
po000359,北海道大博覧会,['北海道大博覧会: error']
po000360,名古屋汎太平洋平和博覧会,['名古屋汎太平洋平和博覧会: error']
po000361,開館一周年　市立電気科学館,"['開館', '一周年', '市立', '電気', '科学館']"
po000362,御大典奉祝名古屋博覧会,['御大典奉祝名古屋博覧会: error']
po000364,全国観光地土産品展示会・全国水産製品展示会,"['全国', '観光地', '土産', '品', '展示会', '全国', '水産', '製品', '展示会']"
po000365,全国特産品博覧会,"['全国', '特産品', '博覧会']"
po000366,躍進日本大博覧会,['躍進日本大博覧会: error']
po000372,意匠商標品展覧会,"['意匠', '商標', '品', '展覧会']"
po000373,全国発明品展覧会,"['全国', '発明', '品', '展覧会']"
po000374,防空展覧会,"['防空', '展覧会']"
po000375,第八回　商工省輸出品包装展覧会,"['八', '回', '商工省', '輸出', '品', '包装', '展覧会']"
po000376,聖保禄高女バザー,"['聖', '保', '禄', '高女', 'バザー']"
po000381,第一回函館特産品展覧会,"['一', '回', '函館', '特産品', '展覧会']"
po000384,北海道衛生展覧会,"['北海道', '衛生', '展覧会']"
po000387,網走外三郡物産共進会,"['網走', '外', '三', '郡', '物産', '共進会']"
po000388,第三回札幌工業品々評会,"['三', '回', '札幌', '工業', '品々', '評', '会']"
po000391,第二回十勝物産共進会,"['二', '回', '十', '勝', '物産', '共進会']"
po000395,後志物産共進会,"['後志', '物産', '共進会']"
po000399,山形県郷土史料大展覧会,"['山形県', '郷土史', '料', '展覧会']"
po000400,東郷元帥米寿記念展覧会,"['東郷', '元帥', '米寿', '記念', '展覧会']"
po000401,第四回北海全道家禽共進会,['四回北海全道家禽共進会: error']
po000403,道産愛用展覧会,"['道産', '愛用', '展覧会']"
po000410,福島競馬,"['福島', '競馬']"
po000411,酒田競馬,"['酒田', '競馬']"
po000412,第十九回樺太大競馬会,"['十', '九', '回', '樺太', '競馬', '会']"
po000414,福島競馬,"['福島', '競馬']"
po000418,春季函館競馬,"['春季', '函館', '競馬']"
po000419,帝室御賞典函館競馬,"['帝室御賞典', '函館', '競馬']"
po000425,第十一回函館没馬能力共進会,"['十', '一', '回', '函館', '没', '馬', '能力', '共進会']"
po000427,昭和六年秋季　八雲競馬,"['昭和', '六', '年', '秋季', '八雲', '競馬']"
po000428,日本一の白河馬市,"['日本一', '白河', '馬市']"
po000430,埼玉甘藷,"['埼玉', '甘藷']"
po000453,鉄道図書館訓,"['鉄道', '図書館', '訓']"
po000454,館内配置書架案内,"['館内', '配置', '書架', '案内']"
po000457,記念緑化運動,"['記念', '緑化運動']"
po000458,植樹祭,['植樹祭']
po000459,お互に道路を愛しませう,"['お互', '道路']"
po000460,道は世の為人の為ともに改良致しませう,"['道', '世', '為人', '為', '改良']"
po000461,覚めよ道路改善に,"['道路', '改善']"
po000462,衛生都市の建設,"['衛生', '都市', '建設']"
po000463,道路の改良と愛護は万人の幸福,"['道路', '改良', '愛護', '万人', '幸福']"
po000464,お互に道路を愛しませう,"['お互', '道路']"
po000465,度量衡記念日,"['度量衡', '記念日']"
po000466,四月十一日度量衡記念日,"['四月十一日', '度量衡', '記念日']"
po000467,米ハキログラムデ買ヒマセウ,"['米', 'ハキログラムデ: error', '買', 'ヒマセウ: error']"
po000468,メートルデー,['メートルデー: error']
po000469,来ル四月十一日ヨリ白米ハメートル法デ小売シマス,"['ル', '四月十一日', 'ヨリ', '白米', 'ハ', 'メートル法', '小売', 'シ', 'マス']"
po000470,新旧対照重量換算表,"['新旧', '対照', '重量', '換算', '表']"
po000471,メートル法実行｛匆建からグラム建に｝建値換算表,"['メートル法', '実行', '匆建: error', 'グラム', '建', '建値', '換算', '表']"
po000472,МЕТРИЧЕСКИЕМЕРЫ,['МЕТРИЧЕСКИЕМЕРЫ: error']
po000473,МЕТРИЧЕСКИЕМЕРЫ,['МЕТРИЧЕСКИЕМЕРЫ: error']
po000474,銃後健康報国　,"['銃後', '健康', '報国']"
po000475,健康週間,"['健康', '週間']"
po000476,十月十日全国視力保存デー,"['十月十日', '全国', '視力', '保存', 'デー']"
po000477,六月四日　ムシ歯予防デー,"['六月四日', 'ムシ歯', '予防', 'デー']"
po000479,第十三回結核予防デー　12.6.27,"['十', '三', '回', '結核', '予防', 'デー', '12', '6', '27']"
po000480,6月4日全国ムシ歯予防デー,"['6月4日', '全国', 'ムシ歯', '予防', 'デー']"
po000481,第八回結核予防デー　7.6.27,"['八', '回', '結核', '予防', 'デー', '7', '6', '27']"
po000482,第七回結核予防デー　6.6.27,"['七', '回', '結核', '予防', 'デー', '6', '6', '27']"
po000483,自然に親しめ,[]
po000484,六月四日むし歯予防デー,"['六月四日', 'むし歯', '予防', 'デー']"
po000486,第二回飾窓競技会参加店,"['二', '回', '飾窓: error', '競技会', '参加', '店']"
po000487,陽明堂后版印刷所,"['陽', '明堂', '后', '版', '印刷所']"
po000488,陽明堂后版印刷所,"['陽', '明堂', '后', '版', '印刷所']"
po000489,陽明堂印刷所,"['陽', '明堂', '印刷所']"
po000490,陽明堂印刷所,"['陽', '明堂', '印刷所']"
po000491,陽明堂印刷所,"['陽', '明堂', '印刷所']"
po000492,陽明堂印刷所,"['陽', '明堂', '印刷所']"
po000493,創業二十周年　大日本法令出版株式会社,"['創業', '二', '十', '周年', '日本法令', '出版', '株式会社']"
po000494,三秀舎のカレンダーの台紙,"['三', '秀', '舎', 'カレンダー', '台紙']"
po000495,御大典奉祝ノ為メ十一月十日謹而休業仕候,"['大典', '奉祝', '為', 'メ', '十', '一月十日謹而休業仕候: error']"
po000496,明治三十二年略暦,"['明治', '三', '十', '二', '年', '略', '暦']"
po000497,謹而御大喪儀ヲ拝シ七日休業仕候,"['謹', '而御', '大喪儀', '拝', 'シ', '七日', '休業', '候']"
po000498,帝国第二艦隊歓迎之為メ乗組軍人ノ御方之入浴料ヲ金三銭二仕候,"['帝国', '第二艦隊', '歓迎', '為', 'メ', '乗組', '軍人', '御方', '入浴料', '金', '三', '銭', '二', '候']"
po000499,電話早見表,"['電話', '早見', '表']"
po000502,所得の申告,"['所得', '申告']"
po000504,故大隈候記念大講堂建設資金募集,"['大隈', '候', '記念', '大講堂', '建設', '資金', '募集']"
po000505,国際補助語　エスペラント,"['国際補助語: error', 'エスペラント']"
po000506,賜御台覧之栄,"['賜', '台覧', '栄']"
po000507,六月四日ムシ歯予防デー,"['六月四日', 'ムシ歯', '予防', 'デー']"
po000510,サムライインキ,"['サムライ', 'インキ']"
po000511,アテナインキ,"['アテナ', 'インキ']"
po000512,丸善スタンプインキ,"['丸善', 'スタンプ', 'インキ']"
po000515,冷えたポンパンのうまさは素敵！,"['ポンパン: error', 'うまさ', '素敵']"
po000516,レート,['レート']
po000517,ほうらい足袋,"['らい', '足袋']"
po000518,創業明治八年　島津製作所,"['創業', '明治', '八', '年', '島津製作所']"
po000519,プラトンインキ,['プラトンインキ: error']
po000520,英国製ヒーロー防水靴クリーム,"['英国製', 'ヒーロー', '防水', '靴', 'クリーム']"
po000521,町野金物店,"['町野', '金物店']"
po000522,フライト,['フライト']
po000523,安全スベリ止,"['安全', 'スベリ', '止']"
po000524,田沢除蝿粉,"['田沢', '除', '蝿', '粉']"
po000525,二色蚊とり線香　キング,"['二色', '蚊とり線香: error', 'キング']"
po000527,アセモ・タダレの最新薬　シッカロール,"['アセモ・タダレ: error', '最新', '薬', 'シッカロール: error']"
po000530,函館名物　五稜郭漬,"['函館', '名物', '五稜郭', '漬']"
po000531,ハアマアー鉛筆,"['ハアマアー: error', '鉛筆']"
po000533,時計ビスケ,"['時計', 'ビスケ']"
po000534,大津屋　太平商店,"['大津屋', '太平', '商店']"
po000536,CHEFSOUPS,['CHEFSOUPS: error']
po000537,登録商標　花の雲,"['登録商標', '花', '雲']"
po000538,極東　コーヒー牛乳,"['極東', 'コーヒー牛乳']"
po000539,ロンドインキ,"['ロンド', 'インキ']"
po000540,台湾ぽんかん,"['台湾', 'ぽんかん']"
po000541,ブルドックソース,['ブルドックソース: error']
po000542,羊肉ハ肉ノ王　,"['羊肉', 'ハ肉: error', '王']"
po000549,函館精養軒の包装紙,"['函館', '精養軒', '包装', '紙']"
po000550,岩船呉服店の包装紙,"['岩船', '呉服店', '包装', '紙']"
po000551,荻野呉服店の包装紙,"['荻野', '呉服', '店', '包装', '紙']"
po000552,荻野呉服店の包装紙,"['荻野', '呉服', '店', '包装', '紙']"
po000553,精養軒の包装紙,"['精養軒', '包装', '紙']"
po000554,亀井信盛堂の包装紙,"['亀井', '信盛', '堂', '包装', '紙']"
po000555,ヤマトヤ商店の包装紙,"['ヤマトヤ: error', '商店', '包装', '紙']"
po000556,風月堂の包装紙,"['風月堂', '包装', '紙']"
po000557,秋月堂の包装紙,"['秋月', '堂', '包装', '紙']"
po000558,風月堂田村商店の包装紙,"['風月堂', '田村商店', '包装', '紙']"
po000559,阿みや履物店の包装紙,"['みや', '履物', '店', '包装', '紙']"
po000560,藤井土産店の包装紙,"['藤井', '土産', '店', '包装', '紙']"
po000561,ハコダテヤの包装紙,"['ハコダテヤ: error', '包装', '紙']"
po000562,トラピスト乳製品の包装紙,"['トラピスト', '乳製品', '包装', '紙']"
po000563,丸越　白崎分店の包装紙,"['丸越', '白崎', '分', '店', '包装', '紙']"
po000564,長峰商店の包装紙,"['長峰', '商店', '包装', '紙']"
po000565,丸安　安田商店調製の包装紙,"['丸安', '安田', '商店', '調製', '包装', '紙']"
po000566,金森大正堂の包装紙,"['金森', '正堂', '包装', '紙']"
po000567,函館ボーニ　荻野呉服店の包装紙,"['函館', 'ボーニ: error', '荻野', '呉服店', '包装', '紙']"
po000568,松屋呉服店の包装紙,"['松屋', '呉服店', '包装', '紙']"
po000569,近江屋呉服店の包装紙,"['近江屋', '呉服', '店', '包装', '紙']"
po000570,函館　今井呉服店の包装紙,"['函館', '今井', '呉服店', '包装', '紙']"
po000571,中村呉服店の包装紙,"['中村', '呉服', '店', '包装', '紙']"
po000572,西田屋パンの包装紙,"['西田', '屋', 'パン', '包装', '紙']"
po000573,青柳軒の包装紙,"['青柳', '軒', '包装', '紙']"
po000574,古西商店の包装紙,"['古西', '商店', '包装', '紙']"
po000575,寺井陶器店の包装紙,"['寺井', '陶器', '店', '包装', '紙']"
po000576,小西洋品店の包装紙,"['小西', '洋品', '店', '包装', '紙']"
po000577,赤のれん洋反物店の包装紙,"['赤', 'のれん', '洋', '反物', '店', '包装', '紙']"
po000578,ハマノ薬房の包装紙,"['ハマ', '薬', '房', '包装', '紙']"
po000579,正札堂の包装紙,"['正札', '堂', '包装', '紙']"
po000580,田中茶舗の包装紙,"['田中', '茶舗', '包装', '紙']"
po000581,トラピスト乳製品の包装紙,"['トラピスト', '乳製品', '包装', '紙']"
po000582,牛鳥　和洋御料理の包装紙,"['牛', '鳥', '和洋', '料理', '包装', '紙']"
po000583,トモエヤの包装紙,"['トモエヤ: error', '包装', '紙']"
po000584,ネボケ堂の包装紙,"['ネボケ: error', '堂', '包装', '紙']"
po000585,サムライ呉服店の包装紙,"['サムライ', '呉服店', '包装', '紙']"
po000586,センシユウアンの包装紙,"['センシユウアン: error', '包装', '紙']"
po000587,トモエヤの包装紙,"['トモエヤ: error', '包装', '紙']"
po000588,新田完一商店の包装紙,"['新田', '完一', '商店', '包装', '紙']"
po000589,風月堂　田村松五郎の包装紙,"['風月堂', '田村', '松五郎', '包装', '紙']"
po000590,千利庵の包装紙,"['千利: error', '庵', '包装', '紙']"
po000591,早坂洋品店の包装紙,"['早坂', '洋品', '店', '包装', '紙']"
po000592,赤のれんモスリン店の包装紙,"['赤', 'のれん', 'モスリン', '店', '包装', '紙']"
po000593,寺井陶器店の包装紙,"['寺井', '陶器', '店', '包装', '紙']"
po000594,安田商店の包装紙,"['安田', '商店', '包装', '紙']"
po000595,伊月洋物店の包装紙,"['伊月', '洋', '物', '店', '包装', '紙']"
po000596,サカモトの包装紙,"['サカモト', '包装', '紙']"
po000597,函館今井呉服店の包装紙,"['函館', '今井', '呉服店', '包装', '紙']"
po000598,共益商社の包装紙,"['共益', '商社', '包装', '紙']"
po000599,白木屋呉服店の包装紙,"['白木屋', '呉服店', '包装', '紙']"
po000600,松吉政吉商店の包装紙,"['松吉', '政吉', '商店', '包装', '紙']"
po000601,柳栄堂の包装紙,"['柳栄: error', '堂', '包装', '紙']"
po000602,富屋北川商店の包装紙,"['富屋', '北川', '商店', '包装', '紙']"
po000603,浪花屋の包装紙,"['浪花', '屋', '包装', '紙']"
po000604,成木屋呉服店の包装紙,"['成木', '屋', '呉服店', '包装', '紙']"
po000605,成木屋呉服店の包装紙,"['成木', '屋', '呉服店', '包装', '紙']"
po000606,函館今井呉服店の包装紙,"['函館', '今井', '呉服店', '包装', '紙']"
po000607,柳栄堂の包装紙,"['柳栄: error', '堂', '包装', '紙']"
po000608,函館サカモトの包装紙,"['函館', 'サカモト', '包装', '紙']"
po000609,函館サカモトの包装紙,"['函館', 'サカモト', '包装', '紙']"
po000610,浪花屋の包装紙,"['浪花', '屋', '包装', '紙']"
po000611,浪花屋の包装紙,"['浪花', '屋', '包装', '紙']"
po000612,函館　荻野呉服店の包装紙,"['函館', '荻野', '呉服店', '包装', '紙']"
po000613,極光社書店の包装紙,"['極光', '社', '書店', '包装', '紙']"
po000614,極光社書店の包装紙,"['極光', '社', '書店', '包装', '紙']"
po000615,西川洋品店の包装紙,"['西川', '洋品', '店', '包装', '紙']"
po000616,大丸呉服店の包装紙,"['大丸', '呉服店', '包装', '紙']"
po000617,三越呉服店の包装紙,"['三越', '呉服店', '包装', '紙']"
po000618,函館　風月堂の包装紙,"['函館', '風月堂', '包装', '紙']"
po000619,大島商会の包装紙,"['大島', '商会', '包装', '紙']"
po000620,石塚増太郎商店の包装紙,"['石塚', '増太郎', '商店', '包装', '紙']"
po000621,松屋呉服店の包装紙,"['松屋', '呉服店', '包装', '紙']"
po000622,小林洋服店の包装紙,"['小林', '洋服', '店', '包装', '紙']"
po000623,林屋商舗の包装紙,"['林屋', '商', '舗', '包装', '紙']"
po000624,松坂屋いとう呉服店の包装紙,"['松坂屋', '呉服', '店', '包装', '紙']"
po000625,松坂屋いとう呉服店の包装紙,"['松坂屋', '呉服', '店', '包装', '紙']"
po000626,五番館の包装紙,"['五番館', '包装', '紙']"
po000627,養和軒の包装紙　,"['養和', '軒', '包装', '紙']"
po000628,榛原直次郎の包装紙,"['榛原', '直次郎', '包装', '紙']"
po000629,玉川呉服店の包装紙,"['玉川', '呉服店', '包装', '紙']"
po000630,小西洋品店の包装紙,"['小西', '洋品', '店', '包装', '紙']"
po000631,白木屋呉服店の包装紙,"['白木屋', '呉服店', '包装', '紙']"
po000632,桐生織物同業組合・邑楽織物同業組合・伊勢崎織物同業組合・群馬懸生絹太織商同業組合の包装紙,"['桐生', '織物', '同業', '組合', '邑楽', '織物', '同業', '組合', '伊勢崎', '織物', '同業', '組合', '群馬', '生絹', '太織: error', '商', '同業', '組合', '包装', '紙']"
po000633,イツキ洋品店の包装紙,"['イツキ', '洋品店', '包装', '紙']"
po000634,松屋呉服店の包装紙,"['松屋', '呉服店', '包装', '紙']"
po000635,長嶋洋品店の包装紙,"['長嶋', '洋品', '店', '包装', '紙']"
po000636,信盛堂呉服店の包装紙,"['信盛', '堂', '呉服店', '包装', '紙']"
po000637,河村蒲団店の包装紙,"['河村', '蒲団', '店', '包装', '紙']"
po000638,菊水総本店の包装紙,"['菊水', '総', '本店', '包装', '紙']"
po000639,マルキ号本店の包装紙,"['マル', 'キ号', '本店', '包装', '紙']"
po000640,白崎分店の包装紙,"['白崎', '分', '店', '包装', '紙']"
po000641,福助饂飩の包装紙,"['福助', '饂飩', '包装', '紙']"
po000642,秋月堂の包装紙,"['秋月', '堂', '包装', '紙']"
po000643,荻野呉服店の包装紙,"['荻野', '呉服', '店', '包装', '紙']"
po000644,竹田洋品店の包装紙,"['竹田', '洋品', '店', '包装', '紙']"
po000645,寺井商店の包装紙,"['寺井', '商店', '包装', '紙']"
po000646,加藤呉服店の包装紙,"['加藤', '呉服', '店', '包装', '紙']"
po000647,菊水売店の包装紙,"['菊水', '売店', '包装', '紙']"
po000648,西堀書店の包装紙,"['西堀', '書店', '包装', '紙']"
po000649,高橋商店の包装紙,"['高橋', '商店', '包装', '紙']"
po000650,西堀書店の包装紙,"['西堀', '書店', '包装', '紙']"
po000651,カナメ屋の包装紙,"['カナメ', '屋', '包装', '紙']"
po000652,トモエヤの包装紙,"['トモエヤ: error', '包装', '紙']"
po000653,今井呉服店の包装紙　,"['今井', '呉服', '店', '包装', '紙']"
po000654,カネモリ洋物店の包装紙,"['カネモリ: error', '洋', '物', '店', '包装', '紙']"
po000655,近江屋呉服店の包装紙,"['近江屋', '呉服', '店', '包装', '紙']"
po000656,陸軍御用甲子屋の包装紙,"['陸軍', '御用', '甲子', '屋', '包装', '紙']"
po000657,西堀近江堂の包装紙,"['西堀', '近江堂', '包装', '紙']"
po000658,成木屋呉服店の包装紙,"['成木', '屋', '呉服店', '包装', '紙']"
po000659,やまぶきの包装紙,"['包装', '紙']"
po000660,やまぶきの包装紙,"['包装', '紙']"
po000661,岩船呉服店の包装紙　1～2,"['岩船', '呉服店', '包装', '紙', '1', '2']"
po000662,今井呉服洋物店の包装紙　1～2,"['今井', '呉服', '洋', '物', '店', '包装', '紙', '1', '2']"
po000663,今井呉服洋物店の包装紙　1～3,"['今井', '呉服', '洋', '物', '店', '包装', '紙', '1', '3']"
po000664,萩野呉服店の包装紙,"['萩野', '呉服', '店', '包装', '紙']"
po000665,今井呉服店の包装紙,"['今井', '呉服', '店', '包装', '紙']"
po000666,風月堂田村商店の包装紙　1～2,"['風月堂', '田村商店', '包装', '紙', '1', '2']"
po000667,ネボケ堂の包装紙　1～2,"['ネボケ: error', '堂', '包装', '紙', '1', '2']"
po000668,今井呉服洋物店の包装紙　1～6,"['今井', '呉服', '洋', '物', '店', '包装', '紙', '1', '6']"
po000669,松屋呉服店の包装紙　1～2,"['松屋', '呉服店', '包装', '紙', '1', '2']"
po000670,センシュウアンの包装紙　1～6,"['センシュウ: error', 'アン', '包装', '紙', '1', '6']"
po000671,今井呉服洋物店の包装紙　1～3,"['今井', '呉服', '洋', '物', '店', '包装', '紙', '1', '3']"
po000672,三越呉服店の包装紙,"['三越', '呉服店', '包装', '紙']"
po000673,白木屋呉服店の包装紙,"['白木屋', '呉服店', '包装', '紙']"
po000674,白木呉服店の包装紙,"['白木', '呉服店', '包装', '紙']"
po000675,ハコダテヤの包装紙,"['ハコダテヤ: error', '包装', '紙']"
po000676,中村呉服店の包装紙,"['中村', '呉服', '店', '包装', '紙']"
po000677,大山商店の包装紙,"['大山', '商店', '包装', '紙']"
po000678,吉田屋モスリン店の包装紙,"['吉田屋', 'モスリン', '店', '包装', '紙']"
po000679,早坂洋品店の包装紙,"['早坂', '洋品', '店', '包装', '紙']"
po000680,児童百貨店トモエヤの包装紙,"['児童', '百貨店', 'トモエヤ: error', '包装', '紙']"
po000681,今井呉服店の包装紙　1～4,"['今井', '呉服', '店', '包装', '紙', '1', '4']"
po000682,今井呉服洋物店の包装紙　1～9,"['今井', '呉服', '洋', '物', '店', '包装', '紙', '1', '9']"
po000683,今井呉服洋物店の包装紙,"['今井', '呉服', '洋', '物', '店', '包装', '紙']"
po000684,精養軒の包装紙　,"['精養軒', '包装', '紙']"
po000685,岩船呉服店の包装紙,"['岩船', '呉服店', '包装', '紙']"
po000686,白木屋呉服店の包装紙　1～2,"['白木屋', '呉服店', '包装', '紙', '1', '2']"
po000687,岩船呉服店の包装紙,"['岩船', '呉服店', '包装', '紙']"
po000689,新田貴金属店,"['新田', '貴金属', '店']"
po000693,地図,['地図']
po000695,道政の重点,"['道政', '重点']"
po000696,学童壁新聞,"['学童', '壁新聞']"
po000697,郵便壁新聞,"['郵便', '壁新聞']"
po000698,郵便壁新聞,"['郵便', '壁新聞']"
po000699,風雪百年輝く未来　１～２,"['風雪', '百', '年', '未来', '１', '２']"
po000700,国土緑化推進委員会,"['国土', '緑化', '推進', '委員会']"
po000701,教育委員会選挙　１～２,"['教育委員会', '選挙', '１', '２']"
po000705,矯正保護強調運動,"['矯正', '保護', '強調', '運動']"
po000706,教育委員会選挙,"['教育委員会', '選挙']"
po000707,婦人週間,"['婦人', '週間']"
po000708,フォトニュース　１～２,"['フォト', 'ニュース', '１', '２']"
po000709,地方税法　１～３,"['地方税法', '１', '３']"
po000710,北海道かべ新聞　１～２,"['北海道', 'かべ新聞: error', '１', '２']"
po000711,壁新聞Ｎｏ５０,"['壁新聞', 'Ｎｏ', '５', '０']"
po000712,北海道かべ新聞Ｎｏ２１,"['北海道', 'かべ新聞: error', 'Ｎｏ', '２', '１']"
po000713,かべ新聞Ｎｏ４１,"['かべ新聞: error', 'Ｎｏ', '４', '１']"
po000714,かべ新聞Ｎｏ４０,"['かべ新聞: error', 'Ｎｏ', '４', '０']"
po000715,かべ新聞Ｎｏ４６,"['かべ新聞: error', 'Ｎｏ', '４', '６']"
po000716,北海道かべ新聞Ｎｏ２２,"['北海道', 'かべ新聞: error', 'Ｎｏ', '２', '２']"
po000718,郵便壁新聞特集号,"['郵便', '壁新聞', '特集', '号']"
po000719,時事写真ニュース,"['時事', '写真ニュース']"
po000720,科学技術週間,['科学技術週間: error']
po000721,電気ものしり教室Ｎｏ１,"['電気', 'しり', '教室', 'Ｎｏ', '１']"
po000722,函館市の財政　１～３,"['函館市', '財政', '１', '３']"
po000723,フォトニュース,"['フォト', 'ニュース']"
po000724,赤十字フォートニュース　Ｎｏ８６－１,"['赤十字', 'フォートニュース: error', 'Ｎｏ', '８', '６', '１']"
po000725,赤十字フォートニュースＮｏ８５,"['赤十字', 'フォートニュース: error', 'Ｎｏ', '８', '５']"
po000726,赤十字フォートニュース　Ｎｏ８５～２,"['赤十字', 'フォートニュース: error', 'Ｎｏ', '８', '５', '２']"
po000727,赤十字フォートニュース　Ｎｏ８５～１,"['赤十字', 'フォートニュース: error', 'Ｎｏ', '８', '５', '１']"
po000728,赤十字フォートニュース　Ｎｏ８６－２,"['赤十字', 'フォートニュース: error', 'Ｎｏ', '８', '６', '２']"
po000729,交通ニュース,"['交通', 'ニュース']"
po000730,協賛マーク,"['協賛', 'マーク']"
po000731,正しい人体寄生虫の知識　１～２,"['人体', '寄生虫', '知識', '１', '２']"
po000732,フォトニュース,"['フォト', 'ニュース']"
po000734,市立保健所　１～２,"['市立', '保健所', '１', '２']"
po000735,北海道夢の観光コース,"['北海道', '夢', '観光', 'コース']"
po000737,スポーツ教室の開設,"['スポーツ', '教室', '開設']"
po000738,北海道百年記念事業,"['北海道', '百', '年', '記念', '事業']"
po000739,北海道百年記念＝作文・論文の募集,"['北海道', '百', '年', '記念', '作文', '論文', '募集']"
po000741,函館市の財政　１～２,"['函館市', '財政', '１', '２']"
po000743,大蔵省・通貨安定対策本部,"['大蔵省', '通貨', '安定', '対策本部: error']"
po000744,生産第一,"['生産', '第一']"
po000745,北海道かべ新聞Ｎｏ１,"['北海道', 'かべ新聞: error', 'Ｎｏ', '１']"
po000746,北海道かべ新聞,"['北海道', 'かべ新聞: error']"
po000747,北海道かべ新聞　Ｎｏ７,"['北海道', 'かべ新聞: error', 'Ｎｏ', '７']"
po000748,北海道かべ新聞Ｎｏ１５,"['北海道', 'かべ新聞: error', 'Ｎｏ', '１', '５']"
po000749,北海道かべ新聞Ｎｏ１６,"['北海道', 'かべ新聞: error', 'Ｎｏ', '１', '６']"
po000750,北海道かべ新聞Ｎｏ１８,"['北海道', 'かべ新聞: error', 'Ｎｏ', '１', '８']"
po000751,北海道かべ新聞Ｎｏ１９,"['北海道', 'かべ新聞: error', 'Ｎｏ', '１', '９']"
po000752,北海道かべ新聞Ｎｏ１３　１～２,"['北海道', 'かべ新聞: error', 'Ｎｏ', '１', '３', '１', '２']"
po000755,北海道百年,"['北海道', '百', '年']"
po000759,ホソイ商店,"['ホソイ: error', '商店']"
po000761,御誂ふとん,['誂']
po000762,蚊帳宣伝福引大売出し,"['蚊帳', '宣伝', '福引', '大売出し']"
po000770,かやは麻,"['かや', '麻']"
po000776,フレッシュ絹上布,"['フレッシュ', '絹', '上布']"
po000777,秩父銘仙,['秩父銘仙: error']
po000780,江戸自慢御裏地,"['江戸', '自慢', '裏地']"
po000781,村山大島紬,['村山大島紬: error']
po000782,本場秩父銘仙,"['本場', '秩父銘仙: error']"
po000784,西川商店,"['西川', '商店']"
po000785,西川,['西川']
po000786,西川,['西川']
po000787,西川,['西川']
po000788,サムライ兄弟商会,"['サムライ', '兄弟', '商会']"
po000789,水道週間,['水道週間: error']
po000790,WORLDFOODFESTIVAL,['WORLDFOODFESTIVAL: error']
po000791,箱館一番日本事始め物語　[カレンダー],"['箱館', '一番', '日本', '事始め', '物語', 'カレンダー']"
po000792,函館市環境部,"['函館市', '環境部']"
po000793,出版記念フォーラム,"['出版記念', 'フォーラム']"
po000794,函館浪漫地詩図夢,"['函館', '浪漫', '地', '詩', '図', '夢']"
po000795,函館浪漫地詩図夢Ⅱ,"['函館', '浪漫', '地', '詩', '図', '夢', 'Ⅱ']"
po000796,市立函館博物館五稜郭分館,"['市立函館博物館', '五稜郭', '分館']"
po000798,水道１００年展,"['水道', '１', '０', '０', '年', '展']"
po000799,箱館一番日本事始め物語　[カレンダー],"['箱館', '一番', '日本', '事始め', '物語', 'カレンダー']"
po000800,JUNO'SJAPAN'88,"['JUNO', 'SJAPAN: error', '88']"
po000801,JUNO'SJAPAN'88　[カレンダー],"['JUNO', 'SJAPAN: error', '88', 'カレンダー']"
po000802,青函博（函館EXPO’88）協賛特別企画,"['青函博: error', '函館', 'EXPO', '88', '協賛', '特別企画']"
po000803,懐かしのおもちゃ展,"['おもちゃ', '展']"
po000804,田辺三重松展,"['田辺三重松: error', '展']"
po000805,函館港まつり,"['函館港', 'まつり']"
po000806,仙台屋,"['仙台', '屋']"
po000807,芽原商店,"['芽原: error', '商店']"
po000808,森田商店,"['森田', '商店']"
po000809,金久三年味噌,"['金久', '三年味噌']"
po000810,太平商店,"['太平', '商店']"
po000811,養和軒,"['養和', '軒']"
po000812,細居商店,"['細居: error', '商店']"
po000813,金久三年味噌,"['金久', '三年味噌']"
po000814,中村酒店,"['中村', '酒', '店']"
po000815,白牡丹商補,"['白', '牡丹', '商', '補']"
po000816,小西商店,"['小西', '商店']"
po000817,金久三年味噌,"['金久', '三年味噌']"
po000818,森屋,['森屋']
po000820,函館森屋,"['函館', '森屋']"
po000846,西陣織元呉服店,"['西陣織', '呉服店']"
po000853,チェリー,['チェリー']
po000856,ピンヘット,['ヘット']
po000857,オールド,['オールド']
po000858,パイプケーク,['パイプケーク: error']
po000860,オールド,['オールド']
po000861,鈴木商店,['鈴木商店']
po000862,ルビー,['ルビー']
po000863,牡丹煙草,"['牡丹', '煙草']"
po000864,花雲井,"['花', '雲井']"
po000865,露西亜形紙巻煙草,"['露西亜', '形', '紙巻煙草: error']"
po000866,巻煙草,['巻煙草: error']
po000867,マニラ紙巻,"['マニラ', '紙巻']"
po000868,牡丹煙草,"['牡丹', '煙草']"
po000869,千草,['千草']
po000871,岩谷商会,"['岩谷', '商会']"
po000876,牡丹煙草,"['牡丹', '煙草']"
po000877,ピンヘット,['ヘット']
po000878,ホーニー巻煙草,"['ホーニー', '巻煙草: error']"
po000879,ピーコック,['ピーコック']
po000880,ホーク,['ホーク']
po000882,春の福引大売出し,"['春', '福引', '大売出し']"
po000883,佐々木商会,"['佐々木', '商会']"
po000884,レコード石鹸,"['レコード', '石鹸']"
po000885,アルファ自動研安全剃刀,"['アルファ', '自動', '研', '安全剃刀: error']"
po000886,鶴々卵石鹸,"['鶴', '卵', '石鹸']"
po000887,常乃花石鹸,"['常乃: error', '花', '石鹸']"
po000893,老牌金剛石牙粉,"['牌', '金剛石', '牙', '粉']"
po000895,クラブ美身クリーム,"['クラブ', '美身', 'クリーム']"
po000896,クラブ美身クリーム,"['クラブ', '美身', 'クリーム']"
po000897,楽生堂Ｈ．Ｓ線療院,"['楽生', '堂', '線', '療院']"
po000898,ライオン歯磨,"['ライオン', '歯磨']"
po000899,クラブ美身クリーム,"['クラブ', '美身', 'クリーム']"
po000900,ライオン歯磨,"['ライオン', '歯磨']"
po000901,クラブ美身クリーム,"['クラブ', '美身', 'クリーム']"
po000902,クラブ美身クリーム,"['クラブ', '美身', 'クリーム']"
po000903,クラブ歯磨き無代進呈,"['クラブ', '歯磨き', '無代', '進呈']"
po000904,レート大演習会,"['レート', '演習', '会']"
po000905,レート大演習会,"['レート', '演習', '会']"
po000906,ゴコー整髪料,"['ゴコー: error', '整髪料']"
po000907,函館毎日新聞創刊六十周年記念,"['函館', '毎日新聞', '創刊', '六', '十', '周年', '記念']"
po000908,御香椿油,"['御香: error', '椿油']"
po000909,レート白粉,"['レート', '白粉']"
po000910,浅野物産株式会社,"['浅野', '物産', '株式会社']"
po000911,期成同盟会,"['期成', '同盟', '会']"
po000913,電気週間,"['電気', '週間']"
po000914,親子電球,"['親子', '電球']"
po000915,エビスランプオヤコランプ,['エビスランプオヤコランプ: error']
po000916,ナショナル電球,"['ナショナル', '電球']"
po000917,JOIK,['JOIK: error']
po000918,JOIK,['JOIK: error']
po000919,フクロクストーブ,"['フクロク: error', 'ストーブ']"
po000920,フクロクストーブ,"['フクロク: error', 'ストーブ']"
po000921,三菱鉱業株式会社,"['三菱鉱業', '株式会社']"
po000922,天下ストーブ,"['天下', 'ストーブ']"
po000923,萩原式安全ストーブ,"['萩原', '式', '安全', 'ストーブ']"
po000924,ピースストーブ,"['ピース', 'ストーブ']"
po000925,センオーストーブ,['センオーストーブ: error']
po000928,愃六ストーブ,"['愃', '六', 'ストーブ']"
po000930,柄杓覆,['柄杓']
po000931,有田商会,"['有田', '商会']"
po000932,白雪コンロ,"['白雪', 'コンロ']"
po000933,天女印高級飯蒸器,"['天女', '印', '高級', '飯', '蒸器: error']"
po000934,ひば材,"['ば', '材']"
po000935,秋田杉,"['秋田', '杉']"
po000937,ＡＥＧ,['ＡＥＧ: error']
po000939,ＡＥＧ,['ＡＥＧ: error']
po000940,ジー．エス蓄電池,"['ジー', 'エス', '蓄電池']"
po000941,万能レンジ,"['万能', 'レンジ']"
po000942,標準飯蒸,"['標準', '飯', '蒸']"
po000943,事変ニュース放送特設,"['事変', 'ニュース', '放送', '特設']"
po000944,紐育スタンダード石油会社,"['紐育', 'スタンダード', '石油', '会社']"
po000945,浅井式湯たんぽ,"['浅井', '式', '湯たんぽ']"
po000947,日本蓄音器商会,"['日本', '蓄音器', '商会']"
po000949,特許法史五十年記念会,"['特許法', '史', '五', '十', '年', '記念', '会']"
po000950,米井商店,"['米井', '商店']"
po000951,フクロクストーブ,"['フクロク: error', 'ストーブ']"
po000952,フクロクストーブ,"['フクロク: error', 'ストーブ']"
po000953,JUNO'SJAPAN1988,"['JUNO', 'SJAPAN: error', '1988']"
po000955,火の用心,['火の用心']
po000961,神戸海上運送火災保険株式会社,"['神戸', '海上運送', '火災保険', '株式会社']"
po000975,つつしみの日,"['つつしみ', '日']"
po000976,火乃用心,"['火', '乃', '用心']"
po000977,函館火災予防組合連合会,"['函館', '火災', '予防', '組合', '連合会']"
po000978,中央火災傷害保険株式会社,"['中央', '火災', '傷害', '保険', '株式会社']"
po000980,輸出振興外貨節約,"['輸出', '振興', '外貨', '節約']"
po000982,火の用心,['火の用心']
po000985,宇宙旅行も貯蓄から,"['宇宙旅行', '貯蓄']"
po000991,交通共済定期預金,"['交通', '共済', '定期預金']"
po000992,農業協同組合,['農業協同組合']
po000995,火の用心,['火の用心']
po001000,貯蓄増強中央委員会,"['貯蓄', '増強', '中央委員会']"
po001001,貯蓄増強中央委員会,"['貯蓄', '増強', '中央委員会']"
po001011,茂木佐平治醸造,"['茂木佐平治', '醸造']"
po001012,マルモ醤油,"['マルモ', '醤油']"
po001019,金久三年味噌,"['金久', '三年味噌']"
po001020,カギダイ,['カギダイ: error']
po001023,サッポロビール,['サッポロビール']
po001024,サクラビール,"['サクラ', 'ビール']"
po001025,サクラビール,"['サクラ', 'ビール']"
po001026,カブトビール,['カブトビール: error']
po001027,サクラビール,"['サクラ', 'ビール']"
po001028,大日本麦酒株式会社,['大日本麦酒株式会社: error']
po001029,サクラビール,"['サクラ', 'ビール']"
po001030,サクラビール,"['サクラ', 'ビール']"
po001031,大日本麦酒株式会社,['大日本麦酒株式会社: error']
po001032,サッポロビール,['サッポロビール']
po001033,桜ビール,"['桜', 'ビール']"
po001034,大日本麦酒株式会社,['大日本麦酒株式会社: error']
po001035,帝国鉱泉株式会社,"['帝国', '鉱泉', '株式会社']"
po001036,株式会社明治屋,['株式会社明治屋: error']
po001037,清涼飲料金線サイダー,"['清涼', '飲料', '金線', 'サイダー']"
po001038,伊勢山田小川三左衛門商店,"['伊勢', '山田', '小川', '三', '左衛門', '商店']"
po001039,宮崎葡萄液,"['宮崎', '葡萄', '液']"
po001040,株式会社明治屋,['株式会社明治屋: error']
po001041,帝国鉱泉株式会社,"['帝国', '鉱泉', '株式会社']"
po001042,サクラビール,"['サクラ', 'ビール']"
po001043,[ビール],['ビール']
po001044,サクラビール　[カレンダー],"['サクラ', 'ビール', 'カレンダー']"
po001045,金線サイダー,"['金線', 'サイダー']"
po001046,カルピス,['カルピス']
po001047,ダイヤモンド印,"['ダイヤモンド', '印']"
po001048,キリンビール,['キリンビール']
po001049,柳藤吉商店製造,"['柳', '藤吉', '商店', '製造']"
po001050,キリンビール,['キリンビール']
po001051,株式会社明治屋,['株式会社明治屋: error']
po001052,リボンシトロン,['リボンシトロン: error']
po001053,カブトビール,['カブトビール: error']
po001054,サッポロビール,['サッポロビール']
po001055,ミュンヘンビール,"['ミュンヘン', 'ビール']"
po001056,大日本麦酒株式会社,['大日本麦酒株式会社: error']
po001057,サクラビール,"['サクラ', 'ビール']"
po001058,サクラビール,"['サクラ', 'ビール']"
po001059,ユニオンビール,"['ユニオン', 'ビール']"
po001060,サッポロビール,['サッポロビール']
po001061,リボンシトロン,['リボンシトロン: error']
po001062,リボンシトロン,['リボンシトロン: error']
po001063,サッポロビール,['サッポロビール']
po001064,サッポロビール,['サッポロビール']
po001065,サッポロビール,['サッポロビール']
po001066,サッポロビール,['サッポロビール']
po001067,サッポロビール,['サッポロビール']
po001068,大日本麦酒株式会社,['大日本麦酒株式会社: error']
po001069,サッポロビール,['サッポロビール']
po001070,サッポロビール,['サッポロビール']
po001071,サッポロビール,['サッポロビール']
po001072,サッポロビール,['サッポロビール']
po001073,ビール,['ビール']
po001074,サッポロビール,['サッポロビール']
po001075,リボンシトロン,['リボンシトロン: error']
po001076,サッポロビール,['サッポロビール']
po001077,サッポロビール,['サッポロビール']
po001078,サッポロビール,['サッポロビール']
po001079,高級飲料,"['高級', '飲料']"
po001080,御大典奉祝には道産酒で乾杯,"['大典', '奉祝', '道産', '酒', '乾杯']"
po001081,キリンビール,['キリンビール']
po001082,ビタミンビール,"['ビタミン', 'ビール']"
po001083,サッポロ黒ビール,"['サッポロ', '黒ビール']"
po001084,ビール展覧会,"['ビール', '展覧会']"
po001085,リボンシトロンナポリン,"['リボンシトロン: error', 'ナポリン']"
po001086,リボンシトロンナポリン,"['リボンシトロン: error', 'ナポリン']"
po001087,清涼飲料シトロン,"['清涼', '飲料', 'シトロン']"
po001088,大日本麦酒株式会社,['大日本麦酒株式会社: error']
po001089,大日本麦酒株式会社製造,"['大日本麦酒株式会社: error', '製造']"
po001090,リボンシトロン,['リボンシトロン: error']
po001091,大日本麦酒株式会社製造,"['大日本麦酒株式会社: error', '製造']"
po001092,THEDAINIPPONBEERCO.LTC,"['THEDAINIPPONBEERCO: error', 'LTC']"
po001093,大日本麦酒株式会社製造,"['大日本麦酒株式会社: error', '製造']"
po001094,リボンシトロン,['リボンシトロン: error']
po001096,[着物姿で腰板に寄りかかる女性],"['着物姿', '腰板', '女性']"
po001097,清涼飲料シトロン,"['清涼', '飲料', 'シトロン']"
po001098,大日本麦酒株式会社,['大日本麦酒株式会社: error']
po001099,北長,['北長']
po001100,[着物姿で本を読む女性],"['着物姿', '本', '女性']"
po001101,両関,['関']
po001102,吟味追分豆,"['吟味', '追分', '豆']"
po001103,大塚合名会社醸,"['大塚', '合名会社', '醸']"
po001104,清酒金露大塚醸,"['清酒', '金', '露', '大塚', '醸']"
po001105,清酒東洋,"['清酒', '東洋']"
po001106,清酒金露大塚醸,"['清酒', '金', '露', '大塚', '醸']"
po001107,日本清酒株式会社,['日本清酒株式会社: error']
po001108,井谷安次郎,"['井谷', '安次郎']"
po001109,清酒日本盛,"['清酒', '日本盛: error']"
po001110,大塚合名会社吟醸,"['大塚', '合名会社', '吟醸']"
po001111,キンシ正宗堀野醸,"['キン', 'シ', '正宗', '堀野', '醸']"
po001112,銘酒初雪小西醸,"['銘酒', '初雪', '小西', '醸']"
po001113,石崎合資会社,"['石崎', '合資会社']"
po001114,正宗,['正宗']
po001115,さくらまさむね,"['さくら', 'まさむね']"
po001116,銘酒白鹿,"['銘酒', '白鹿']"
po001117,清酒白鹿醸造元辰馬総本家,"['清酒', '白鹿', '醸造', '辰馬', '総', '本家']"
po001118,山邑東京出張所,"['山邑', '東京', '出張所']"
po001119,正宗の元祖のさくら正宗,"['正宗', '元祖', 'さくら', '正宗']"
po001120,優等清酒,"['優等', '清酒']"
po001121,さくらまさむね,"['さくら', 'まさむね']"
po001122,さくらまさむね,"['さくら', 'まさむね']"
po001123,清酒白鶴,"['清酒', '白鶴']"
po001124,本嘉納商店,"['嘉納', '商店']"
po001125,優等清酒富久娘,"['優等', '清酒', '富久娘']"
po001126,本嘉納商店,"['嘉納', '商店']"
po001127,[着物姿で腰板に寄りかかる女性],"['着物姿', '腰板', '女性']"
po001128,宅合名会社,"['宅', '合名会社']"
po001129,宅合名会社,"['宅', '合名会社']"
po001130,銀金泉正宗,"['銀', '金泉', '正宗']"
po001131,清酒月桂冠,"['清酒', '月桂冠']"
po001132,銘酒五稜正宗,"['銘酒', '五稜', '正宗']"
po001133,KIKU-MASAMUNE,"['KIKU', 'MASAMUNE']"
po001134,銘酒白鹿,"['銘酒', '白鹿']"
po001135,白鹿,['白鹿']
po001136,白鹿,['白鹿']
po001137,さくらまさむね,"['さくら', 'まさむね']"
po001138,さくらまさむね,"['さくら', 'まさむね']"
po001139,朗らかな醉　飲むなら焼酎,"['朗らか', '醉', '焼酎']"
po001140,辰馬総本家,"['辰馬', '総', '本家']"
po001141,朗らかな醉　飲むなら焼酎,"['朗らか', '醉', '焼酎']"
po001142,キッコウショウ,['キッコウショウ: error']
po001143,一番喜ばれる年末年始御贈答品,"['一番', '年末年始', '贈答', '品']"
po001144,優等清酒桜正宗,"['優等', '清酒', '桜正宗: error']"
po001145,醸造元千葉県野田町茂木佐平治,"['醸造', '千葉県', '野田町', '茂木佐平治']"
po001146,山邑太左衛門,"['山邑', '太', '左衛門']"
po001147,清酒白鶴,"['清酒', '白鶴']"
po001148,FUKUMUSUME-SAKE,"['FUKUMUSUME: error', 'SAKE']"
po001149,大日本優等清酒,"['大日本', '優等', '清酒']"
po001150,明治製糖公司,"['明治', '製糖', '公司']"
po001151,カクザトウ,['カクザトウ: error']
po001154,塩水港製糖株式会社,"['塩水', '港', '製糖', '株式会社']"
po001155,塩水港製糖株式会社,"['塩水', '港', '製糖', '株式会社']"
po001156,台湾製糖株式会社,['台湾製糖株式会社: error']
po001157,大日本製糖株式会社,['大日本製糖株式会社: error']
po001158,大日本製糖株式会社,['大日本製糖株式会社: error']
po001159,大日本製糖株式会社,['大日本製糖株式会社: error']
po001160,大日本製糖株式会社,['大日本製糖株式会社: error']
po001161,大日本製糖公司,"['大日本', '製糖', '公司']"
po001162,大日本製糖株式会社,['大日本製糖株式会社: error']
po001163,大日本製糖株式会社,['大日本製糖株式会社: error']
po001164,大日本製糖株式会社,['大日本製糖株式会社: error']
po001165,東亜麺粉公司,"['東亜', '麺粉: error', '公司']"
po001166,株式会社増田製粉所,['株式会社増田製粉所: error']
po001167,札幌製粉株式会社,"['札幌', '製粉', '株式会社']"
po001168,製糖株式会社,"['製糖', '株式会社']"
po001175,明治製糖株式会社,"['明治', '製糖', '株式会社']"
po001176,アメチヨコ,"['アメ', 'チヨコ']"
po001177,バンザイ,['バンザイ']
po001178,フルヤのウインターキヤラメル,"['フルヤ', 'ウインターキヤラメル: error']"
po001179,フルヤのキャラメル,"['フルヤ', 'キャラメル']"
po001180,巴堂,"['巴', '堂']"
po001181,三度の御飯はタイム式精米にかぎる,"['三度', '御飯', 'タイム', '式', '精米']"
po001182,ほうじ茶森永宇治かほる,"['ほうじ茶', '森永', '宇治', 'かほる']"
po001183,精米販売萩原商店,"['精米', '販売', '萩原', '商店']"
po001184,森永の菓子,"['森永', '菓子']"
po001185,森永の菓子,"['森永', '菓子']"
po001186,水無飴,"['水無', '飴']"
po001187,水無飴,"['水無', '飴']"
po001188,君魚焼,"['君', '魚', '焼']"
po001189,森永ミルク森永ドライミルク,"['森永', 'ミルク', '森永', 'ドライミルク']"
po001190,新案ビスケット元祖栄泉堂,"['新案', 'ビスケット', '元祖', '栄泉', '堂']"
po001191,優良煎茶長寿楽,"['優良', '煎茶', '長寿楽: error']"
po001192,森永ココアミルク,"['森永', 'ココア', 'ミルク']"
po001193,HOTMILP,['HOTMILP: error']
po001194,強力葡萄糖液状,"['強力', '葡萄糖: error', '液状']"
po001195,森永ミルク,"['森永', 'ミルク']"
po001196,登録商標きびだんご粉,"['登録商標', 'きびだんご', '粉']"
po001197,二千円大懸賞,"['二', '千円', '懸賞']"
po001198,森永ゼリビンズ,"['森永', 'ゼリビンズ: error']"
po001199,森永ベルトライン,"['森永', 'ベルトライン']"
po001200,森永バナナ,"['森永', 'バナナ']"
po001201,森永コンサート,"['森永', 'コンサート']"
po001202,グリコアメ,"['グリコ', 'アメ']"
po001203,リグレース．チューインガム,"['リグ', 'レース', 'チューインガム']"
po001204,森永ドロップス,"['森永', 'ドロップス']"
po001205,中外の菓子,"['中外', '菓子']"
po001206,ホマレウェーファース,['ホマレウェーファース: error']
po001207,ミルクヨーラス,['ミルクヨーラス: error']
po001208,今村のチョコレートアメ,"['今村', 'チョコレート', 'アメ']"
po001209,カステーラ,['カステーラ']
po001217,満州へ朝鮮へ,"['満州', '朝鮮']"
po001234,南満州鉄道株式会社,"['南満州鉄道', '株式会社']"
po001235,南満州鉄道株式会社,"['南満州鉄道', '株式会社']"
po001259,想ひ起す二十五年前,"['想', '二', '十', '五', '年', '前']"
po001263,備へよ国防,"['備', '国防']"
po001268,衛生的改良箱詰潮鮭鱒,"['衛生的', '改良', '箱詰: error', '潮', '鮭', '鱒']"
po001269,日魯の筋子,"['日', '魯', '筋子']"
po001270,栖原択捉漁場特産箱入鱒,"['栖原', '択捉', '漁場', '特産', '箱入', '鱒']"
po001271,栖原択捉漁場特産箱入鱒,"['栖原', '択捉', '漁場', '特産', '箱入', '鱒']"
po001272,日魯の鮭,"['日', '魯', '鮭']"
po001273,FAMOUSGEISHACRABMEAT,['FAMOUSGEISHACRABMEAT: error']
po001280,支那事変ノ国債,"['支那事変', '国債']"
po001285,支那事変貯蓄債券,"['支那事変', '貯蓄債券: error']"
po001288,支那事変国債,"['支那事変', '国債']"
po001295,北日本汽船株式会社,"['北日本', '汽船', '株式会社']"
po001296,小さな生命にも思いやる心を,"['生命', '心']"
po001316,SHIMATANI-LINE,"['SHIMATANI', 'LINE']"
po001317,北日本汽船,"['北日本', '汽船']"
po001318,COMPLIMENTSOFOSAKASHOSENKAISHA.,"['COM', 'PLIME: error', 'NTSOFOSAKASHOSENKAISHA: error']"
po001321,北日本汽船株式会社,"['北日本', '汽船', '株式会社']"
po001323,大阪商船株式会社,['大阪商船株式会社: error']
po001324,大阪商船株式会社,['大阪商船株式会社: error']
po001325,大阪商船株式会社,['大阪商船株式会社: error']
po001326,OSAKASHOSENKAISHA,['OSAKASHOSENKAISHA: error']
po001328,大阪商船株式会社,['大阪商船株式会社: error']
po001329,北日本汽船株式会社,"['北日本', '汽船', '株式会社']"
po001332,日本郵船株式会社,['日本郵船株式会社']
po001333,東洋汽船株式会社,"['東洋汽船', '株式会社']"
po001334,東洋汽船株式会社,"['東洋汽船', '株式会社']"
po001336,近海郵船株式会社,['近海郵船株式会社: error']
po001337,近海郵船株式会社,['近海郵船株式会社: error']
po001338,近海郵船,['近海郵船: error']
po001339,近海郵船株式会社,['近海郵船株式会社: error']
po001340,近海郵船会社,"['近海郵船: error', '会社']"
po001341,近海郵船株式会社　[カレンダー],"['近海郵船株式会社: error', 'カレンダー']"
po001342,近海郵船株式会社,['近海郵船株式会社: error']
po001343,日本郵船株式会社,['日本郵船株式会社']
po001344,近海郵船株式会社　[カレンダー],"['近海郵船株式会社: error', 'カレンダー']"
po001346,近海郵船株式会社,['近海郵船株式会社: error']
po001349,NIPPON　YUSENKAISHA,"['NIPPON', 'YUSENKAISHA: error']"
po001350,日本郵船株式会社,['日本郵船株式会社']
po001351,日本郵船株式会社,['日本郵船株式会社']
po001352,近海郵船株式会社　[カレンダー],"['近海郵船株式会社: error', 'カレンダー']"
po001353,日本郵船株式会社,['日本郵船株式会社']
po001354,日本郵船株式会社,['日本郵船株式会社']
po001355,日本郵船株式会社,['日本郵船株式会社']
po001356,日本郵船株式会社,['日本郵船株式会社']
po001357,日本郵船株式会社,['日本郵船株式会社']
po001358,日本郵船株式会社,['日本郵船株式会社']
po001374,日本輸出主要品番付,"['日本', '輸出', '主要', '品番', '付']"
po001377,春の長崎へ,"['春の', '長崎']"
po001384,スキーは昆布温泉へ,"['スキー', '昆布温泉: error']"
po001400,遊ぶ奈良,['奈良']
po001401,鉄道院所管線路図,"['鉄道院', '所管', '線路', '図']"
po001402,鉄道院所管線路図,"['鉄道院', '所管', '線路', '図']"
po001403,鉄道院所屬線路図,"['鉄道院', '所', '屬', '線路', '図']"
po001404,鉄道院所屬線路図,"['鉄道院', '所', '屬', '線路', '図']"
po001405,鉄道院所屬線路図,"['鉄道院', '所', '屬', '線路', '図']"
po001406,商工中心会,"['商工', '中心', '会']"
po001407,商工中心会,"['商工', '中心', '会']"
po001408,越後直江津名所案内,"['越後', '直江津', '名所', '案内']"
po001409,帝国産金,"['帝国', '産金']"
po001410,国産品愛用巡回展覧会,"['国産品', '愛用', '巡回', '展覧会']"
po001411,金山労務者採用,"['金山', '労務者', '採用']"
po001412,復興函館産業第一,"['復興', '函館', '産業', '第一']"
po001413,北海道庁,['北海道庁']
po001414,横浜製品宣伝即売会,"['横浜', '製品', '宣伝', '即売会']"
po001415,鉱業報国,"['鉱業', '報国']"
po001416,燃料報国,"['燃料', '報国']"
po001417,聖号,"['聖', '号']"
po001418,釧路炭田労務者大募集,"['釧路炭田', '労務者', '募集']"
po001419,年度末特別貯蓄運動,"['年度末', '特別', '貯蓄', '運動']"
po001420,歳末特別貯蓄運動,"['歳末', '特別', '貯蓄', '運動']"
po001421,”増加所得を貯蓄へ”特別貯蓄運動,"['増加', '所得', '貯蓄', '特別', '貯蓄', '運動']"
po001422,自立促進貯蓄運動,"['自立', '促進', '貯蓄', '運動']"
po001423,自立促進貯蓄運動,"['自立', '促進', '貯蓄', '運動']"
po001424,貯蓄ニュース,"['貯蓄', 'ニュース']"
po001425,独立記念,"['独立', '記念']"
po001426,歳末特別貯蓄運動,"['歳末', '特別', '貯蓄', '運動']"
po001427,貯蓄増強中央委員会,"['貯蓄', '増強', '中央委員会']"
po001428,吹奏楽部演奏会,"['吹奏楽部', '演奏会']"
po001429,8月13日は函館・夜景の日,"['8月13日', '函館', '夜景', '日']"
po001430,10月17日は貯蓄の日,"['10月17日', '貯蓄の日: error']"
po001431,預貯金は無税,"['預貯金', '無税']"
po001432,函館野外劇,"['函館', '野外', '劇']"
po001433,函館国際イカフォーラム,"['函館', '国際', 'イカ', 'フォーラム']"
po001434,朝日新聞ニュースマップ,"['朝日新聞ニュース', 'マップ']"
po001435,お隣も貯蓄しています,"['お隣', '貯蓄']"
po001436,水揚代金はひとまず貯蓄へ,"['水揚', '代金', '貯蓄']"
po001437,国民貯蓄五兆円達成記念,"['国民', '貯蓄', '五', '兆', '円', '達成', '記念']"
po001438,明るいくらしは貯蓄から,"['くらし', '貯蓄']"
po001439,貯蓄増強国民運動,"['貯蓄', '増強', '国民運動']"
po001440,朝日ニュース,"['朝日', 'ニュース']"
po001441,毎日新聞,['毎日新聞']
po001442,時事通信フォトサービス,"['時事通信', 'フォト', 'サービス']"
po001443,毎日新聞,['毎日新聞']
po001444,時事通信フォトサービス,"['時事通信', 'フォト', 'サービス']"
po001445,毎日新聞,['毎日新聞']
po001446,毎日新聞,['毎日新聞']
po001447,時事通信フォトサービス,"['時事通信', 'フォト', 'サービス']"
po001448,時事通信フォトサービス,"['時事通信', 'フォト', 'サービス']"
po001449,時事通信フォトサービス,"['時事通信', 'フォト', 'サービス']"
po001450,時事通信フォトサービス,"['時事通信', 'フォト', 'サービス']"
po001451,世界写真だより,"['世界', '写真']"
po001452,世界写真だより,"['世界', '写真']"
po001453,世界写真だより,"['世界', '写真']"
po001454,朝日新聞ニュースマップ,"['朝日新聞ニュース', 'マップ']"
po001455,朝日新聞ニュースマップ,"['朝日新聞ニュース', 'マップ']"
po001456,朝日新聞ニュースマップ,"['朝日新聞ニュース', 'マップ']"
po001460,ダイヤモンドガソリン,"['ダイヤモンド', 'ガソリン']"
po001477,第一回全国児童栄養週間,"['一', '回', '全国', '児童', '栄養', '週間']"
po001478,第四回全国児童栄養週間,"['四', '回', '全国', '児童', '栄養', '週間']"
po001479,児童愛護週間,"['児童', '愛護', '週間']"
po001480,乳幼児愛護週間,"['乳幼児', '愛護', '週間']"
po001481,第二回方面同情週間,"['二', '回', '方面', '同情', '週間']"
po001482,少年保護記念日,"['少年', '保護', '記念日']"
po001485,赤十字デー,"['赤十字', 'デー']"
po001487,市民講座並青年団幹部講習会,"['市民', '講座', '並', '青年団', '幹部', '講習会']"
po001488,満蒙問題懸賞論文募集,"['満蒙問題', '懸賞論文', '募集']"
po001489,成人教育講座,"['成人教育', '講座']"
po001494,躍進日本＝実業教育,"['躍進', '日本', '実業', '教育']"
po001508,揚げよ日の丸備へよ貯金,"['日', '丸備: error', '貯金']"
po001510,少年保護記念日,"['少年', '保護', '記念日']"
po001514,国民精神総動員,['国民精神総動員']
po001526,慰問袋募集,"['慰問袋', '募集']"
po001527,函館東郷会発会式,"['函館', '東郷', '会', '発会', '式']"
po001539,函館市制記念日,"['函館市', '制', '記念日']"
po001540,市制記念日,"['市制', '記念日']"
po001541,市制記念日,"['市制', '記念日']"
po001545,神戸みなとの祭,"['神戸', 'みなと', '祭']"
po001550,建国祭,"['建国', '祭']"
po001551,建国祭,"['建国', '祭']"
po001555,大法会修行実物展覧会開催,"['法会', '修行', '実物', '展覧会', '開催']"
po001557,建武中興,"['建武', '中興']"
po001559,元寇記念祭,"['元寇', '記念祭']"
po001560,六百年大祭,"['六', '百', '年', '大祭']"
po001561,大楠公六百年祭,"['大楠公', '六', '百', '年', '祭']"
po001564,観世音開帳,"['観世音', '開帳']"
po001566,明治神宮鎮座十年祭,"['明治神宮', '鎮座', '十', '年', '祭']"
po001568,大楠公六百年大祭,"['大楠公', '六', '百', '年', '大祭']"
po001571,富士山開,"['富士', '山開']"
po001575,お互に努めませう,['お互']
po001577,短期公債募集,"['短期', '公債', '募集']"
po001581,勤倹貯蓄記念日三月十日,"['勤倹', '貯蓄', '記念日', '三月十日']"
po001583,貯蓄報国,"['貯蓄', '報国']"
po001585,郵便年金,"['郵便', '年金']"
po001587,速達郵便,['速達郵便: error']
po001594,郵便局にて公債売出し,"['郵便局', '公債', '売出し']"
po001595,公債売出し,"['公債', '売出し']"
po001597,郵便局にて公債売出し,"['郵便局', '公債', '売出し']"
po001599,公債売出し,"['公債', '売出し']"
po001600,郵便局にて公債売出し,"['郵便局', '公債', '売出し']"
po001601,郵便局公債売出し,"['郵便局', '公債', '売出し']"
po001602,勤業債券売出し,"['勤', '業', '債券', '売出し']"
po001603,勤業債券売出し,"['勤', '業', '債券', '売出し']"
po001604,郵便局にて公債売出し,"['郵便局', '公債', '売出し']"
po001605,郵便局にて公債売出し,"['郵便局', '公債', '売出し']"
po001606,年賀状はお早く,['年賀状']
po001607,航空郵便開設,"['航空郵便', '開設']"
po001608,年賀郵便はお早く,"['年賀', '郵便']"
po001609,記念切手とスタンプ,"['記念切手', 'スタンプ']"
po001610,特別取扱年賀郵便,"['特別', '取扱', '年賀', '郵便']"
po001611,年賀郵便の特別取扱,"['年賀', '郵便', '特別', '取扱']"
po001612,速達郵便,['速達郵便: error']
po001613,四月より東北北海道飛行開始,"['四月', '東北', '北海道', '飛行', '開始']"
po001614,慶弔電報,['慶弔電報: error']
po001615,慶弔電報,['慶弔電報: error']
po001616,逓信省,['逓信省']
po001617,年賀状はお早く,['年賀状']
po001618,懸賞募集,"['懸賞', '募集']"
po001619,簡易保険,['簡易保険']
po001620,簡易保険局,"['簡易保険', '局']"
po001621,保険金三十億円,"['保険金', '三', '十', '億', '円']"
po001622,簡易保険,['簡易保険']
po001623,簡易保険は７００円まではいれます,"['簡易保険', '７', '０', '０', '円']"
po001624,簡易保険,['簡易保険']
po001625,簡易保険事業創始記念日十月一日,"['簡易保険', '事業', '創始', '記念日', '十月一日']"
po001626,逓信省,['逓信省']
po001627,簡易保険の効用,"['簡易保険', '効用']"
po001628,図書館記念日昭和14年,"['図書館記念日: error', '昭和14年']"
po001629,図書館記念日,['図書館記念日: error']
po001630,図書館記念日,['図書館記念日: error']
po001631,はこだて先住民遺物展,"['先住民', '遺物', '展']"
po001632,基督教資料,"['基督教', '資料']"
po001633,図書館デー,"['図書館', 'デー']"
po001634,図書館週間,"['図書館', '週間']"
po001635,図書館と博物館週間,"['図書館', '博物館', '週間']"
po001636,更生第１回函館美術展,"['更生', '１', '回', '函館', '美術', '展']"
po001637,図書館記念日四月二日,"['図書館記念日: error', '四月二日']"
po001638,御巡幸記念展,"['巡幸', '記念', '展']"
po001639,読書普及運動,"['読書', '普及', '運動']"
po001640,国民精神作興,"['国民', '精神', '作興']"
po001641,図書館と博物館週間,"['図書館', '博物館', '週間']"
po001642,4月2日第6回図書館記念日,"['4月2日', '6回', '図書館記念日: error']"
po001643,佐々木平次郎君ヲ推薦ス,"['佐々木平次郎: error', '君', '推薦', 'ス']"
po001644,平出喜三郎君へ,"['平出喜三郎: error', '君']"
po001645,選挙粛正強調週間,"['選挙', '粛正', '強調', '週間']"
po001646,黒住成章,['黒住成章: error']
po001647,佐々木平次郎君ヲ推薦ス,"['佐々木平次郎: error', '君', '推薦', 'ス']"
po001648,加藤貫一,"['加藤', '貫一']"
po001649,林路一,['林路一: error']
po001650,檀野礼助,['檀野礼助: error']
po001651,高木益太郎,"['高木', '益太郎']"
po001652,選挙粛正棄権防止,"['選挙', '粛正', '棄権', '防止']"
po001653,北海道庁警察部,['北海道庁警察部: error']
po001654,選挙粛正,"['選挙', '粛正']"
po001655,選挙粛正,"['選挙', '粛正']"
po001656,水産立国ノ為ニ,"['水産', '立国', '為', 'ニ']"
po001657,民政党・政友会,"['民政党', '政友会']"
po001658,檀野礼助,['檀野礼助: error']
po001659,立憲民政党本部,"['立憲民政党', '本部']"
po001660,立憲民政黨本部,"['立憲', '民政', '黨', '本部']"
po001661,小樽港,['小樽港']
po001662,樺太庁鉄道,['樺太庁鉄道: error']
po001663,TEXASCOMPANY,['TEXASCOMPANY: error']
po001664,日本郵船株式会社,['日本郵船株式会社']
po001665,日本郵船株式会社,['日本郵船株式会社']
po001666,青函間貨車航送記念,"['青函', '間', '貨車', '航', '記念']"
po001667,海運報国,"['海運', '報国']"
po001668,北日本汽船株式会社,"['北日本', '汽船', '株式会社']"
po001669,aroundtheworld,['aroundtheworld: error']
po001672,日本郵船株式会社,['日本郵船株式会社']
po001676,近海郵船株式会社　[カレンダー],"['近海郵船株式会社: error', 'カレンダー']"
po001677,近海郵船株式会社　[カレンダー],"['近海郵船株式会社: error', 'カレンダー']"
po001678,近海郵船株式会社　[カレンダー],"['近海郵船株式会社: error', 'カレンダー']"
po001679,近海郵船株式会社　[カレンダー],"['近海郵船株式会社: error', 'カレンダー']"
po001680,懸賞標語発表,"['懸賞', '標語', '発表']"
po001681,標語募集,"['標語', '募集']"
po001682,日本輸出入主要品番付,"['日本', '輸出入', '主要', '品番', '付']"
po001683,札幌鉄道局,"['札幌', '鉄道局']"
po001685,汽車時間表,"['汽車', '時間', '表']"
po001686,汽車時間表,"['汽車', '時間', '表']"
po001690,函館区役所,"['函館', '区役所']"
po001691,臨時国勢調査,"['臨時', '国勢調査']"
po001692,臨時国勢調査,"['臨時', '国勢調査']"
po001693,時の記念日,['時の記念日: error']
po001694,国勢調査,['国勢調査']
po001695,国勢調査,['国勢調査']
po001698,大正十四年国勢調査,"['大正', '十', '四', '年', '国勢調査']"
po001699,臨時国勢調査,"['臨時', '国勢調査']"
po001700,国勢調査,['国勢調査']
po001701,GALVER,['GALVER: error']
po001702,セロン,['セロン']
po001703,和洋ボール,"['和洋', 'ボール']"
po001704,更生ナル硝子ボール,"['更生', 'ナル', '硝子', 'ボール']"
po001705,専売特許国産ハイスパーワニス,"['専売特許', '国産', 'ハイスパーワニス: error']"
po001706,台湾檜,"['台湾', '檜']"
po001707,4月2日第6回図書館記念日,"['4月2日', '6回', '図書館記念日: error']"
po001708,床敷物にはリノリユーム,"['床', '敷物', 'リノリユーム: error']"
po001709,此の建築と衛生陶器,"['此', '建築', '衛生陶器']"
po001710,昭和八年度に竣功の主要建築物,"['昭和', '八', '年度', '竣功', '主要', '建築物']"
po001711,昭和六年度に竣功の主要建築物,"['昭和', '六', '年度', '竣功', '主要', '建築物']"
po001712,昭和七年度に竣功の主要建築物,"['昭和', '七', '年度', '竣功', '主要', '建築物']"
po001713,昭和八年度に竣功の主要建築物,"['昭和', '八', '年度', '竣功', '主要', '建築物']"
po001714,昭和五年度に竣功の主要建築物,"['昭和', '五', '年度', '竣功', '主要', '建築物']"
po001715,H.M.C階段辷止金具,"['H.M.', 'C', '階段', '止金: error', '具']"
po001716,アサヒランプ,"['アサヒ', 'ランプ']"
po001717,REDLEADCOMPOSITION,['REDLEADCOMPOSITION: error']
po001718,THREEBIRDS,['THREEBIRDS: error']
po001719,Shintotoryo,['Shintotoryo: error']
po001720,虹印エナメル,"['虹', '印', 'エナメル']"
po001721,毬鳥印エナメル,"['毬', '鳥', '印', 'エナメル']"
po001722,ハイスパーワニス,['ハイスパーワニス: error']
po001723,蛍印エナメル,"['蛍', '印', 'エナメル']"
po001724,時の日,"['時', '日']"
po001725,世界稀有山富貴酸化黄,"['世界', '稀', '有山', '富貴', '酸化', '黄']"
po001726,エバコート,"['エバ', 'コート']"
po001727,便利瓦,"['便利', '瓦']"
po001728,水性塗料アゾール,"['水性', '塗料', 'アゾール']"
po001729,東洋不動瓦,"['東洋', '不動', '瓦']"
po001730,函館建具工業組合,"['函館', '建具', '工業', '組合']"
po001731,日本トラスコン鋼材株式会社,"['日本', 'トラスコン: error', '鋼材', '株式会社']"
po001732,商工省補助,"['商工省', '補助']"
po001733,東郷ハガネ,"['東郷', 'ハガネ']"
po001734,太陽印平板浪板,"['太陽', '印', '平板', '浪板']"
po001735,天下一品ハートタイヤ,"['天下一品', 'ハート', 'タイヤ']"
po001736,ライオン戸車,"['ライオン', '戸車']"
po001737,川本式ポンプ,"['川本', '式', 'ポンプ']"
po001738,ロールマンチョッパー,['ロールマンチョッパー: error']
po001739,FOX,['FOX']
po001740,内外銘木,"['内外', '銘木']"
po001741,ベンチレーター・エルボー,"['ベンチレーター', 'エルボー']"
po001743,”ALPS,['ALPS']
po001744,”ALPS,['ALPS']
po001745,杉本式針金荷造機,"['杉本', '式', '針金', '荷造', '機']"
po001746,佐治タイル,"['佐治', 'タイル']"
po001747,歳末特別貯蓄運動　生活に希望と力を生む貯蓄,"['歳末', '特別', '貯蓄', '運動', '生活', '希望', '力', '貯蓄']"
po001748,貯蓄増強国民運動　貯蓄は明日への力,"['貯蓄', '増強', '国民運動', '貯蓄', '明日へ', '力']"
po001749,明るいくらしは貯蓄から,"['くらし', '貯蓄']"
po001750,安定した繁栄を続けるために　あなたの節約で輸入をへらし　あなたの貯蓄で輸出をふやす,"['安定', '繁栄', 'ため', 'あなた', '節約', '輸入', 'あなた', '貯蓄', '輸出']"
po001751,収入の一割は貯蓄しましょう,"['収入', '一', '割', '貯蓄']"
po001752,お手もとの現金はひとまず貯蓄,"['手もと', '現金', '貯蓄']"
po001753,お手もとの現金はひとまず貯蓄しましょう,"['手もと', '現金', '貯蓄']"
po001754,減税を明るいくらしの設計に,"['減税', 'くらし', '設計']"
po001755,臨時季節収入はひとまず貯蓄,"['臨時', '季節', '収入', '貯蓄']"
po001756,歳末特別貯蓄運動　手もとの現金はひとまず貯蓄しましょう,"['歳末', '特別', '貯蓄', '運動', '手もと', '現金', '貯蓄']"
po001757,貯蓄増強中央委員会,"['貯蓄', '増強', '中央委員会']"
po001759,日本出版会推薦図書（第一回）　八月,"['日本', '出版', '会', '推薦', '図書', '一', '回', '八月']"
po001760,日本出版会推薦図書（第二回）　九月,"['日本', '出版', '会', '推薦', '図書', '二', '回', '九月']"
po001761,日本出版会推薦図書（第三回）　十月,"['日本', '出版', '会', '推薦', '図書', '三', '回', '十月']"
po001762,日本出版会推薦図書（第四回）　十一月,"['日本', '出版', '会', '推薦', '図書', '四', '回', '十一月']"
po001763,日本出版会推薦図書（第五回）　十二月,"['日本', '出版', '会', '推薦', '図書', '五', '回', '十二月']"
po001764,（第六回）　推薦図書　1月,"['六', '回', '推薦', '図書', '1月']"
po001765,（第七回）　日本出版会推薦図書　2月,"['七', '回', '日本', '出版', '会', '推薦', '図書', '2月']"
po001766,（第九回）日本出版会　推薦図書　4月,"['九', '回', '日本', '出版', '会', '推薦', '図書', '4月']"
po001767,（第十回）日本出版会　推薦図書　5月,"['十', '回', '日本', '出版', '会', '推薦', '図書', '5月']"
po001768,日本出版文化協会　推薦図書　7月,"['日本出版文化協会: error', '推薦', '図書', '7月']"
po001769,日本出版文化協会　推薦図書　8月,"['日本出版文化協会: error', '推薦', '図書', '8月']"
po001770,日本出版文化協会　推薦図書　9月,"['日本出版文化協会: error', '推薦', '図書', '9月']"
po001771,日本出版文化協会　推薦図書　10月,"['日本出版文化協会: error', '推薦', '図書', '10月']"
po001772,日本出版文化協会　推薦図書　11月,"['日本出版文化協会: error', '推薦', '図書', '11月']"
po001773,日本出版文化協会　推薦図書　12月,"['日本出版文化協会: error', '推薦', '図書', '12月']"
po001774,日本出版文化協会　推薦図書　一月,"['日本出版文化協会: error', '推薦', '図書', '一月']"
po001775,日本出版文化協会　推薦図書　二月,"['日本出版文化協会: error', '推薦', '図書', '二月']"
po001776,日本出版文化協会　推薦図書　三月,"['日本出版文化協会: error', '推薦', '図書', '三月']"
po001777,文部省推薦図書一月,"['文部省', '推薦', '図書', '一月']"
po001778,文部省推薦図書一月,"['文部省', '推薦', '図書', '一月']"
po001779,文部省推薦図書二月,"['文部省', '推薦', '図書', '二月']"
po001780,文部省推薦図書三月,"['文部省', '推薦', '図書', '三月']"
po001781,文部省推薦図書四月,"['文部省', '推薦', '図書', '四月']"
po001782,文部省推薦図書五月,"['文部省', '推薦', '図書', '五月']"
po001783,文部省推薦図書六月,"['文部省', '推薦', '図書', '六月']"
po001784,文部省推薦図書七月,"['文部省', '推薦', '図書', '七月']"
po001785,文部省推薦図書七月　日本出版配給株式会社,"['文部省', '推薦', '図書', '七月', '日本出版配給株式会社: error']"
po001786,文部省推薦図書八月　日本出版配給株式会社,"['文部省', '推薦', '図書', '八月', '日本出版配給株式会社: error']"
po001787,文部省推薦図書　八月　日本出版配給株式会社,"['文部省', '推薦', '図書', '八月', '日本出版配給株式会社: error']"
po001788,文部省推薦図書　九月　日本出版配給株式会社,"['文部省', '推薦', '図書', '九月', '日本出版配給株式会社: error']"
po001789,文部省推薦図書　九月　日本出版配給株式会社,"['文部省', '推薦', '図書', '九月', '日本出版配給株式会社: error']"
po001790,文部省推薦図書　十月　日本出版株式会社,"['文部省', '推薦', '図書', '十月', '日本', '出版', '株式会社']"
po001791,文部省推薦図書　十月　日本出版株式会社,"['文部省', '推薦', '図書', '十月', '日本', '出版', '株式会社']"
po001792,文部省推薦図書　十一月　日本出版配給株式会社,"['文部省', '推薦', '図書', '十一月', '日本出版配給株式会社: error']"
po001794,文部省推薦図書　十二月　日本出版配給株式会社,"['文部省', '推薦', '図書', '十二月', '日本出版配給株式会社: error']"
po001795,文部省推薦図書　十二月　日本出版配給株式会社,"['文部省', '推薦', '図書', '十二月', '日本出版配給株式会社: error']"
po001796,文部省推薦図書　二月,"['文部省', '推薦', '図書', '二月']"
po001797,文部省推薦図書　四月,"['文部省', '推薦', '図書', '四月']"
po001798,文部省推薦図書　十月　文部省,"['文部省', '推薦', '図書', '十月', '文部省']"
po001799,文部省推薦図書　三月　文部省,"['文部省', '推薦', '図書', '三月', '文部省']"
po001800,黒住成章,['黒住成章: error']
po001801,黒住成章君,"['黒住成章: error', '君']"
po001802,黒住成章,['黒住成章: error']
po001803,神山雄吉,"['神山', '雄吉']"
po001804,選挙の心得,"['選挙', '心得']"
po001805,内務省,['内務省']
po001806,北海道庁,['北海道庁']
po001807,普選,"['普', '選']"
po001808,平出喜三郎,['平出喜三郎: error']
po001809,平出喜三郎君,"['平出喜三郎: error', '君']"
po001810,平出喜三郎君へ,"['平出喜三郎: error', '君']"
po001811,平出喜三郎君へ,"['平出喜三郎: error', '君']"
po001812,立憲民政党本部,"['立憲民政党', '本部']"
po001813,民政党・政友会,"['民政党', '政友会']"
po001814,立憲民政党本部,"['立憲民政党', '本部']"
po001815,加藤貫一,"['加藤', '貫一']"
po001816,政友会,['政友会']
po001817,立憲政友会,['立憲政友会']
po001818,松野喜内,"['松野', '喜内']"
po001819,貴下の一票は松之喜内へ,"['貴下', '一', '票', '松之', '喜', '内']"
po001820,水上嘉一郎,"['水上', '嘉一郎']"
po001821,神山雄吉,"['神山', '雄吉']"
po001822,水上嘉一郎,"['水上', '嘉一郎']"
po001823,地租委譲！,"['地租', '委譲']"
po001824,寺部頼助,"['寺部', '頼助']"
po001825,五来欣造,['五来欣造: error']
po001826,中川原貞機,['中川原貞機: error']
po001827,中川原貞機,['中川原貞機: error']
po001829,高木益太郎,"['高木', '益太郎']"
po001830,安部磯雄,['安部磯雄: error']
po001831,黒住成章君,"['黒住成章: error', '君']"
po001832,佐々木平次郎君ヲ推薦ス,"['佐々木平次郎: error', '君', '推薦', 'ス']"
po001833,佐々木平次郎君ヲ推薦ス,"['佐々木平次郎: error', '君', '推薦', 'ス']"
po001834,東武君,"['東武', '君']"
po001835,東武君へ！,"['東武', '君']"
po001836,吾等の代表東武君へ！,"['吾', '等', '代表', '東武', '君']"
po001837,檀野礼助,['檀野礼助: error']
po001838,檀野礼助,['檀野礼助: error']
po001839,檀野礼助君,"['檀野礼助: error', '君']"
po001840,林路一,['林路一: error']
po001841,三井徳寳君,"['三井', '徳', '寳', '君']"
po001842,三井徳宝,['三井徳宝: error']
po001843,三井徳宝先生,"['三井徳宝: error', '先生']"
po001844,三井徳宝推薦,"['三井徳宝: error', '推薦']"
po001845,三井徳宝君応援演説会,"['三井徳宝: error', '君', '応援', '演説会']"
po001846,生徒募集横浜専門学校,"['生徒', '募集', '横浜', '専門学校']"
po001847,生徒募集横浜専門学校,"['生徒', '募集', '横浜', '専門学校']"
po001848,横浜専門学校給費生募集,"['横浜', '専門学校', '給費', '生', '募集']"
po001849,生徒募集横浜専門学校,"['生徒', '募集', '横浜', '専門学校']"
po001850,生徒募集岐阜薬学専門学校,"['生徒', '募集', '岐阜', '薬学', '専門学校']"
po001855,生徒募集岐阜薬学専門学校,"['生徒', '募集', '岐阜', '薬学', '専門学校']"
po001856,早稲田大学校外生の会,"['早稲田大学', '校外', '生', '会']"
po001858,早稲田大学校外生の会,"['早稲田大学', '校外', '生', '会']"
po001861,東京第一高等無線工科学校,"['東京', '第一', '高等', '無線', '工科', '学校']"
po001862,横浜専門学校,"['横浜', '専門学校']"
po001864,給費生募集横浜専門学校,"['給費', '生', '募集', '横浜', '専門学校']"
po001866,市立函館実修女学校,"['市立', '函館', '修女', '学校']"
po001867,函館高等水産学校,['函館高等水産学校: error']
po001869,皇学儒学大東文化学院,"['皇学', '儒学', '大東文化学院']"
po001870,明治学院,['明治学院']
po001871,給費生ヲ募集ス,"['給費', '生', '募集', 'ス']"
po001872,海軍志願兵募集,"['海軍', '志願兵', '募集']"
po001873,学生募集,"['学生', '募集']"
po001874,学校案内,"['学校', '案内']"
po001901,海軍志願兵募集,"['海軍', '志願兵', '募集']"
po001902,昭和十一年学生募集,"['昭和', '十', '一', '年', '学生', '募集']"
po001903,東京大東文化学院,"['東京', '大東文化学院']"
po001904,生徒募集,"['生徒', '募集']"
po001905,東京大東文化学院,"['東京', '大東文化学院']"
po001906,航空機機関生徒募集,"['航空機', '機関', '生徒', '募集']"
po001907,生徒募集,"['生徒', '募集']"
po001908,官立富山薬学専門学校,"['官立', '富山薬学専門学校: error']"
po001909,名古屋薬学専門学校生徒募集,"['名古屋', '薬学', '専門学校', '生徒', '募集']"
po001910,学生募集,"['学生', '募集']"
po001911,学生募集,"['学生', '募集']"
po001912,生徒募集,"['生徒', '募集']"
po001913,昭和十二年立教大学,"['昭和', '十', '二', '年', '立教大学']"
po001914,昭和十一年立教大学,"['昭和', '十', '一', '年', '立教大学']"
po001915,海軍少年航空兵募集,"['海軍', '少年航空兵', '募集']"
po001916,航空機機関生募集,"['航空機', '機関', '生', '募集']"
po001917,生徒募集,"['生徒', '募集']"
po001918,三田英語学校,"['三田', '英語', '学校']"
po001919,ともえ幼稚園,"['ともえ', '幼稚園']"
po001920,東京市下谷商業学校生徒募集,"['東京', '市', '下谷', '商業学校', '生徒', '募集']"
po001921,公立岐阜薬学専門学校,"['公立', '岐阜', '薬学', '専門学校']"
po001922,横浜関東学院高等商業部,"['横浜', '関東学院', '高等', '商業', '部']"
po001923,生徒募集,"['生徒', '募集']"
po001924,会員大募集,"['会員', '募集']"
po001925,同志社大学予科学生募集,"['同志社', '大学予科', '学生', '募集']"
po001926,昭和医学専門学校生徒募集,"['昭和', '医学', '専門学校', '生徒', '募集']"
po001927,高松高等商業学校,['高松高等商業学校: error']
po001928,関東学院高等商業部,"['関東学院', '高等', '商業', '部']"
po001929,生徒募集,"['生徒', '募集']"
po001930,官立富山薬学専門学校,"['官立', '富山薬学専門学校: error']"
po001931,巣鴨高等商業学校,"['巣鴨', '高等商業学校']"
po001932,官立富山薬学専門学校,"['官立', '富山薬学専門学校: error']"
po001933,独逸語講習会,"['独逸', '語', '講習会']"
po001934,生徒募集,"['生徒', '募集']"
po001935,生徒募集,"['生徒', '募集']"
po001936,横浜専門学校,"['横浜', '専門学校']"
po001937,官立富山薬学専門学校,"['官立', '富山薬学専門学校: error']"
po001938,官立富山薬学専門学校,"['官立', '富山薬学専門学校: error']"
po001939,官立富山薬学専門学校,"['官立', '富山薬学専門学校: error']"
po001940,航空機機関生募集,"['航空機', '機関', '生', '募集']"
po001941,学生募集,"['学生', '募集']"
po001942,巣鴨高等商業学校,"['巣鴨', '高等商業学校']"
po001943,生徒募集,"['生徒', '募集']"
po001944,上田蠶絲専門学校,"['上田', '蠶絲: error', '専門学校']"
po001945,中等学校懸賞論文大募集,"['中等学校', '懸賞論文', '募集']"
po001946,高崎高等農林学校,"['高崎', '高等農林学校']"
po001947,公立大邱医学専門学校,"['公立', '大邱', '医学', '専門学校']"
po001948,第三拓殖訓練所,"['三', '拓殖', '訓練所']"
po001949,立教大学,['立教大学']
po001950,岐阜薬学専門学校,"['岐阜', '薬学', '専門学校']"
po001951,文部省直轄富山薬学専門学校,"['文部省', '直轄', '富山薬学専門学校: error']"
po001952,文部省直轄富山薬学専門学校,"['文部省', '直轄', '富山薬学専門学校: error']"
po001953,立教大学学生募集,"['立教大学', '学生', '募集']"
po001954,新宿高等予備校,"['新宿', '高等', '予備校']"
po001955,立教大学学生募集,"['立教大学', '学生', '募集']"
po001956,海外学校,"['海外', '学校']"
po001957,夜間中学,['夜間中学']
po001958,中野高等無線電信学校,"['中野高: error', '等', '無線電信', '学校']"
po001959,昭和医学専門学校,"['昭和', '医学', '専門学校']"
po001960,明治学院生徒募集,"['明治学院', '生徒', '募集']"
po001961,大東文化学院,['大東文化学院']
po001962,専修大学,['専修大学']
po001964,高圧線,['高圧線']
po001967,二大名作新版封切,"['二', '名作', '新版', '封切']"
po001968,永遠の戦場,['永遠の戦場: error']
po001969,キングコング,['キングコング']
po001971,マヅルカ,['マヅルカ: error']
po001972,国定忠次,['国定忠次']
po001973,召集令,['召集令']
po001975,貞操問答,['貞操問答: error']
po001976,愛刀週間,"['愛', '刀', '週間']"
po001977,福島競馬,"['福島', '競馬']"
po001978,嵐の三色旗,['嵐の三色旗: error']
po001979,月形半平太,['月形半平太']
po001980,子は誰のもの,"['子', '誰', 'もの']"
po001981,真実一路大会,"['真実一路', '大会']"
po001982,宝の山,['宝の山']
po001983,悪魔の人形,"['悪魔', '人形']"
po001984,大都会の戦慄,"['大都会', '戦慄']"
po001985,泣虫小僧,"['泣虫', '小僧']"
po001986,大森林,['大森林']
po001987,新版ベンガルの槍騎兵,"['新版', 'ベンガルの槍騎兵: error']"
po001988,血の敵,"['血', '敵']"
po001989,奴隷船,['奴隷船']
po001990,母の曲,"['母', '曲']"
po001991,オーケストラの少女,['オーケストラの少女: error']
po001992,武俠少年,"['武', '俠', '少年']"
po001993,リゴレット,['リゴレット']
po001994,不良青年,"['不良', '青年']"
po001995,良人の貞操大会,"['良人の貞操: error', '大会']"
po001996,君と踊れば,['君']
po001997,ジーグフェルド,['ジーグフェルド']
po001998,母の曲,"['母', '曲']"
po001999,銀映座欧州名画祭,"['銀', '座', '欧州', '名画', '祭']"
po002000,びっくり人生,"['びっくり', '人生']"
po002001,鶯,['鶯']
po002002,颱風,['颱風']
po002003,エノケンの法界坊,"['エノケン', '法界坊']"
po002004,風車,['風車']
po002005,巨人伝,"['巨人', '伝']"
po002006,生きてゐるモレア,['モレア']
po002007,エノケンの風来坊,"['エノケン', '風来坊']"
po002008,勝閧,"['勝', '閧']"
po002010,十字砲火,['十字砲火']
po002011,赤ちゃん,['赤ちゃん']
po002012,上海,['上海']
po002015,空中世界一周,"['空中', '世界一周']"
po002016,鴛鴦道中,"['鴛鴦', '道中']"
po002017,大岡政談魔像,"['大岡', '政談', '魔', '像']"
po002018,続水戸黄門廻国記,"['水戸黄門', '廻国', '記']"
po002019,目撃者,['目撃者']
po002020,槍の権三,"['槍', '権三']"
po002021,支那海,['支那海']
po002022,白銀の嵐,"['白銀', '嵐']"
po002023,まごヽろ万歳,"['まご', 'ろ', '万', '歳']"
po002024,令嬢殺し犯人,"['令嬢', '殺し', '犯人']"
po002025,子は誰のもの,"['子', '誰', 'もの']"
po002026,無法者銀平,"['無法者', '銀', '平']"
po002027,鞍馬天狗,['鞍馬天狗']
po002028,路傍の石,['路傍の石']
po002029,山嶽流騎隊,"['山嶽', '流騎: error', '隊']"
po002030,雲霧仁■ヱ門前后篇大会,"['雲霧', '仁', 'ヱ', '門', '后', '篇', '大会']"
po002031,大江戸の魔剣,"['大江戸', '魔剣']"
po002032,大菩薩峠,['大菩薩峠']
po002033,火の夜,"['火', '夜']"
po002034,人間大砲,['人間大砲']
po002035,子供の世界,"['子供', '世界']"
po002036,椿姫,['椿姫']
po002037,サラトガ,['サラトガ']
po002038,スパイ戦線を衝く,['スパイ戦線: error']
po002039,番町皿屋敷,"['番町', '皿屋敷']"
po002041,大地,['大地']
po002042,人の気も知らないで,"['人', '気']"
po002044,大阪夏の陣,['大阪夏の陣']
po002047,寿々木米若,['寿々木米若: error']
po002050,新人実演大会,"['新人', '実演', '大会']"
po002051,東京落語特選名流大会,"['東京', '落語', '特選', '名流', '大会']"
po002052,高浜喜久義,"['高浜', '喜久', '義']"
po002053,テキサス決死隊,"['テキサス', '決死', '隊']"
po002054,わが母の書,"['母', '書']"
po002055,夜の空を行く,"['夜', '空']"
po002056,禁男の家,['禁男の家: error']
po002057,人類一億年の曝露,"['人類', '一', '億', '年', '曝露']"
po002058,夕陽特急,['夕陽特急: error']
po002059,若葉の夢,"['若葉', '夢']"
po002060,男の償ひ大会,"['男', '償', '大会']"
po002061,失はれた地平線,['失はれた地平線: error']
po002062,姿なき侵入者,"['姿', '侵入者']"
po002063,南方飛行,"['南方', '飛行']"
po002064,風の女王,"['風', '女王']"
po002065,姫君海を渡る,"['姫君', '海']"
po002066,鼻唄お嬢さん,"['鼻唄', 'お嬢さん']"
po002067,テムプルちゃんの上海脱出,"['テムプル', 'ちゃん', '上海', '脱出']"
po002068,踊る不夜城,['不夜城']
po002069,大地,['大地']
po002070,静御前,['静御前']
po002071,鎧なき騎士,['鎧なき騎士: error']
po002072,スパイ戦線を衝く,['スパイ戦線: error']
po002073,姫君海を渡る,"['姫君', '海']"
po002074,スタア誕生,['スタア誕生']
po002075,間諜最後の日,['間諜最後の日: error']
po002076,半処女,['処女']
po002077,愛染かつら,['愛染かつら']
po002078,炎の詩,"['炎', '詩']"
po002079,故郷の廃家,"['故郷', '廃家']"
po002080,永遠に愛せよ,['永遠']
po002081,第一線の人々,"['第一線', '人々']"
po002082,日本人大会,"['日本人', '大会']"
po002083,花籠の歌,"['花籠', '歌']"
po002084,わが家に母あれ,"['わが家', '母']"
po002085,大地の妻,"['大地', '妻']"
po002086,唐人お吉,['唐人お吉']
po002087,悪太郎,['悪太郎']
po002088,第九交響曲,"['九', '交響曲']"
po002089,暗黒街の顔役,['暗黒街の顔役']
po002090,美枝子の兄,"['美枝子', '兄']"
po002091,新しき土,['新しき土: error']
po002092,母の歌,"['母', '歌']"
po002093,頑張り娘,['娘']
po002096,鎧なき騎士,['鎧なき騎士: error']
po002099,世界一スミス冒険的宙返り飛行大会,"['世界一', 'スミス', '冒険', '的', '宙返り', '飛行', '大会']"
po002100,太平洋横断,['太平洋横断: error']
po002115,出発,['出発']
po002118,シバタ本部,"['シバタ', '本部']"
po002119,北海道庁主催拓殖博覧会,"['北海道庁', '主催', '拓殖', '博覧会']"
po002124,青函くに子大一座三十余名,"['青函', 'くに子', '一座', '三', '十', '余', '名']"
po002133,帝都名流大演芸会,"['帝都', '名流', '演芸', '会']"
po002134,津軽民謡新興団第一部第二部合同,"['津軽', '民謡', '新興', '団', '一部', '二部', '合同']"
po002135,波止場,['波止場']
po002136,はこだて　[函館観光ポスター],"['函館', '観光', 'ポスター']"
po002137,陸軍特別大演習実況放送,"['陸軍', '特別', '演習', '実況', '放送']"
po002138,祝　陸軍特別大演習,"['祝', '陸軍', '特別', '演習']"
po002152,函館・夏浪漫　[函館観光ポスター],"['函館', '夏', '浪漫', '函館', '観光', 'ポスター']"
po002155,レトロ函館　[函館観光ポスター],"['レトロ', '函館', '函館', '観光', 'ポスター']"
po002156,流れ星　[函館観光ポスター],"['流れ星', '函館', '観光', 'ポスター']"
po002160,北極星　[函館観光ポスター],"['北極星', '函館', '観光', 'ポスター']"
po002161,はこだて　[函館観光ポスター],"['函館', '観光', 'ポスター']"
po002162,夜景　[函館観光ポスター],"['夜景', '函館', '観光', 'ポスター']"
po002163,教会　[函館観光ポスター],"['教会', '函館', '観光', 'ポスター']"
po002164,朝の波止場　[函館観光ポスター],"['朝', '波止場', '函館', '観光', 'ポスター']"
po002166,開港百二十年記念　函館港まつり,"['開港', '百', '二', '十', '年', '記念', '函館港', 'まつり']"
po002172,松前観光,"['松前', '観光']"
po002173,教会,['教会']
po002174,カトリック教会　[函館観光ポスター],"['カトリック教会', '函館', '観光', 'ポスター']"
po002175,函館港まつり　開港125年記念,"['函館港', 'まつり', '開港', '125年', '記念']"
po002176,函館港まつり　開港124年記念,"['函館港', 'まつり', '開港', '124年', '記念']"
po002177,八幡坂フォト　[函館観光ポスター],"['八幡', '坂', 'フォト', '函館', '観光', 'ポスター']"
po002178,辰悦丸箱館寄港,"['辰', '悦', '箱館', '寄港']"
po002180,トラピスチヌ修道院裏　[函館観光ポスター],"['トラピスチヌ修道院: error', '裏', '函館', '観光', 'ポスター']"
po002181,トラピスチヌ修道院,['トラピスチヌ修道院: error']
po002182,教会　[函館観光ポスター],"['教会', '函館', '観光', 'ポスター']"
po002183,HAKODATE,['HAKODATE']
po002184,教会,['教会']
po002185,教会,['教会']
po002186,松前さくらまつり,"['松前', 'さくら', 'まつり']"
po002189,夕暮れのBAYエリア　[函館観光ポスター],"['夕暮れ', 'BAY', 'エリア', '函館', '観光', 'ポスター']"
po002190,冬の夜景　[函館観光ポスター],"['冬', '夜景', '函館', '観光', 'ポスター']"
po002193,映画　海猫,"['映画', '海猫']"
po002194,北海道の民俗芸能　開拓記念館特別展,"['北海道', '民俗芸能', '開拓', '記念', '館', '特別展']"
po002196,松前城下時代まつり　,['松前城下時代まつり: error']
po002197,トラピスチヌ　[函館観光ポスター],"['トラピスチヌ', '函館', '観光', 'ポスター']"
po002198,冬の八幡坂　[函館観光ポスター],"['冬', '八幡', '坂', '函館', '観光', 'ポスター']"
po002199,教会　[函館観光ポスター],"['教会', '函館', '観光', 'ポスター']"
po002200,函館観光　２０００年の夜明け　[函館観光ポスター],"['函館', '観光', '２', '０', '０', '０', '年', '夜明け', '函館', '観光', 'ポスター']"
po002201,第6回函館夜景の日,"['6回', '函館夜景の日: error']"
po002203,’99青年センターフェスティバル,"['99', '青年', 'センター', 'フェスティバル']"
po002207,第9回パイセス年次会合開催記念市民講演会・海洋科学展,"['9回', 'パイセス: error', '年次', '会合', '開催', '記念', '市民', '講演会', '海洋科学', '展']"
po002208,函館市交通安全,"['函館市', '交通安全']"
po002209,成人祭　平成13年度,"['成人', '祭', '平成13年度']"
po002210,DIG災害図上訓練ネットワーク設立記念講演会,"['DIG', '災害図上訓練: error', 'ネットワーク', '設立', '記念', '講演会']"
po002212,2002はこだてクリスマスファンタジー,"['2002', 'はこだてクリスマスファンタジー: error']"
po002213,水道局　水抜き　平成6年度版,"['水道局', '水抜き: error', '平成6年度', '版']"
po002214,水道局　水資源　平成11年度版,"['水道局', '水資源', '平成11年度', '版']"
po002216,水道局　下水道　平成14年度版,"['水道局', '下水道', '平成14年度', '版']"
po002217,北海道イメージアップ,"['北海道', 'イメージアップ']"
po002218,水道局　水抜き　平成11年度版,"['水道局', '水抜き: error', '平成11年度', '版']"
po002219,2002　はこだてクリスマスファンタジー,"['2002', 'はこだてクリスマスファンタジー: error']"
po002220,函館市交通局,['函館市交通局']
po002221,北海道イメージアップ,"['北海道', 'イメージアップ']"
po002222,水道局　水資源　平成12年度版,"['水道局', '水資源', '平成12年度', '版']"
po002223,水道局　水抜き平成12年度,"['水道局', '水抜き: error', '平成12年度']"
po002224,水道局　水資源平成13年度,"['水道局', '水資源', '平成13年度']"
po002225,水道局　下水道　平成13年度版,"['水道局', '下水道', '平成13年度', '版']"
po002226,水道局　水抜き平成13年度版,"['水道局', '水抜き: error', '平成13年度', '版']"
po002227,水道局　水抜き平成14年度版,"['水道局', '水抜き: error', '平成14年度', '版']"
po002228,水道局　水資源　平成14年度版,"['水道局', '水資源', '平成14年度', '版']"
po002229,水道局　下水道　平成14年度版,"['水道局', '下水道', '平成14年度', '版']"
po002230,水道局　下水道　平成15年度版,"['水道局', '下水道', '平成15年度', '版']"
po002231,水道局　水資源　平成15年度版,"['水道局', '水資源', '平成15年度', '版']"
po002232,第10回記念2000函館ハーフマラソン大会交通規制,"['10回', '記念', '2000', '函館', 'ハーフ', 'マラソン大会', '交通規制']"
po002233,2002函館ハーフマラソン大会交通規制,"['2002', '函館', 'ハーフ', 'マラソン大会', '交通規制']"
po002235,新撰組　近藤勇,"['新撰組', '近藤勇']"
po002236,平成13年度特別展幕末の箱館と幻の陶磁器展,"['平成13年度', '特別展', '幕末', '箱館', '幻', '陶磁器', '展']"
po002237,イタリア静物画展,"['イタリア', '静物', '画展']"
po002239,広島東洋カープVS横浜ベイスターズ　セ・リーグ公式戦,"['広島東洋カープ', 'VS', '横浜ベイスターズ', 'セ・リーグ', '公式戦']"
po002240,市制執行80年記念第15回　野外劇,"['市制', '執行', '80年', '記念', '15回', '野外', '劇']"
po002241,函館みなとパネル展　平成13年度,"['函館', 'みなと', 'パネル', '展', '平成13年度']"
po002242,中央卸売市場感謝デー,"['中央卸売市場', '感謝デー']"
po002243,創作劇　炎の如く,"['創作', '劇', '炎']"
po002244,函館港まつり　開港144周年,"['函館港', 'まつり', '開港', '144周年: error']"
po002245,函館みなとパネル展　平成14年版,"['函館', 'みなと', 'パネル', '展', '平成14年', '版']"
po002248,中原淳一展,"['中原淳', '一展']"
po002249,クリスマスコンサート,['クリスマスコンサート']
po002250,RED北海道ツアー　,"['RED', '北海道', 'ツアー']"
po002251,2003函館ハーフマラソン大会,"['2003', '函館', 'ハーフ', 'マラソン大会']"
po002252,2003　函館アカデミックフォーラム,"['2003', '函館', 'アカデミック', 'フォーラム']"
po002253,歌劇　愛の妙薬　,"['歌劇', '愛の妙薬']"
po002254,はこだてオートキャンプ場,"['オートキャンプ', '場']"
po002255,第15回市民健康まつり,"['15回', '市民', '健康', 'まつり']"
po002256,下水道の日,['下水道の日: error']
po002257,横綱の里フェスティバル,"['横綱', '里', 'フェスティバル']"
po002258,函館港まつり開港141周年,"['函館港', 'まつり', '開港', '141周年: error']"
po002259,市民健康まつり　平成13年度,"['市民', '健康', 'まつり', '平成13年度']"
po002264,ブルーウェーブVSバファローズ　パ・リーグ公式戦,"['ブルーウェーブ', 'VS', 'バファローズ', 'パ・リーグ', '公式戦']"
po002265,高田屋嘉兵衛　[カレンダー],"['高田屋嘉兵衛: error', 'カレンダー']"
po002266,函館港まつり142周年,"['函館港', 'まつり', '142周年: error']"
po002267,第14回野外劇,"['14回', '野外', '劇']"
po002268,北洋資料館,"['北洋', '資料館']"
po002269,横綱の里フェスティバル,"['横綱', '里', 'フェスティバル']"
po002270,花と緑のフェスティバル2001,"['花', '緑', 'フェスティバル', '2001']"
po002271,祝祭・国際モーツァルトin北海道2001,"['祝祭', '国際', 'モーツァルト', 'in', '北海道', '2001']"
po002272,日本の美とこころ　函館美術館,"['日本の美', 'こころ', '函館', '美術館']"
po002273,はこだてオートキャンプ場,"['オートキャンプ', '場']"
po002274,中央卸売市場感謝デー,"['中央卸売市場', '感謝デー']"
po002275,いきいき住まいづくりフェア２０００,"['づくり', 'フェア', '２', '０', '０', '０']"
po002276,市民健康まつり　平成12年度,"['市民', '健康', 'まつり', '平成12年度']"
po002277,2001年選挙啓発カレンダー,"['2001年', '選挙', '啓発', 'カレンダー']"
po002278,環境部リサイクル,"['環境部', 'リサイクル']"
po002279,健康づくり２１市民フォーラム,"['健康づくり', '２', '１', '市民フォーラム']"
po002280,函館市市制施行80周年　[カレンダー],"['函館市', '市制', '施行', '80周年', 'カレンダー']"
po002281,ミスはこだて募集,"['ミス', 'こ', '募集']"
po002282,はこだて博物史,"['博物', '史']"
po002283,極東ロシアのモダニズム,"['極東ロシア', 'モダニズム']"
po002284,市民健康まつり,"['市民', '健康', 'まつり']"
po002285,はこだてオートキャンプ場,"['オートキャンプ', '場']"
po002286,第3回函館港花火大会,"['3回', '函館港', '花火大会']"
po002287,特別展　豪商　高田屋嘉兵衛,"['特別展', '豪商', '高田屋嘉兵衛: error']"
po002288,横綱の里フェスティバル第16回,"['横綱', '里', 'フェスティバル', '16回']"
po002289,第8回市民健康まつり保健所まつり,"['8回', '市民', '健康', 'まつり', '保健所', 'まつり']"
po002290,みなとウォークラリー平成12年度,"['みな', 'ウォークラリー', '平成12年度']"
po002291,札幌市中央図書館所蔵品展,"['札幌市', '中央図書館', '所蔵', '品', '展']"
po002292,横綱の里ふくしま,"['横綱', '里']"
po002293,はこだて生涯学習フェスティバル,"['生涯学習', 'フェスティバル']"
po002294,ふくしま歴史名所双六,"['歴史', '名所', '双六']"
po002295,子育て応援,"['子育て', '応援']"
po002296,リサイクルフェスティバル2000,"['リサイクル', 'フェスティバル', '2000']"
po002297,第10回記念2000函館ハーフマラソン大会,"['10回', '記念', '2000', '函館', 'ハーフ', 'マラソン大会']"
po002301,今できることからはじめよう！ごみ減量,"['今', 'こと', 'はじめ', 'よう', 'ごみ', '減量']"
po002304,中央卸売市場活性化,"['中央卸売市場', '活性化']"
po002342,函館戦後50年,"['函館', '戦', '後', '50年']"
po002344,第3回札幌国際デザイン賞作品募集,"['3回', '札幌', '国際', 'デザイン', '賞', '作品募集']"
po002347,函館図書館週間,"['函館', '図書館', '週間']"
po002348,函館図書館週間,"['函館', '図書館', '週間']"
po002349,今月の文部省推薦図書,"['今月', '文部省', '推薦', '図書']"
po002350,図書館週間,"['図書館', '週間']"
po002351,HAKODATEの社会教育運動,"['HAKODATE', '社会教育', '運動']"
po002352,時事問題と近代,"['時事問題', '近代']"
po002353,全日本博物館週間,"['全日本', '博物館', '週間']"
po002354,全国博物館週間,"['全国', '博物館', '週間']"
po002355,函館図書館週間,"['函館', '図書館', '週間']"
po002356,復興建築材料展,"['復興', '建築材料', '展']"
po002357,図書館と博物館週間行事,"['図書館', '博物館', '週間', '行事']"
po002358,全日本博物館週間,"['全日本', '博物館', '週間']"
po002359,今月の文部省推薦図書,"['今月', '文部省', '推薦', '図書']"
po002363,市立函館図書館週間,"['市立', '函館', '図書館', '週間']"
po002365,図書館週間,"['図書館', '週間']"
po002366,秋田図書館図書館週間,"['秋田', '図書館', '図書館', '週間']"
po002368,図書館週間,"['図書館', '週間']"
po002369,石川県図書館週間,"['石川県', '図書館', '週間']"
po002370,接遇資料展覧会,"['接遇', '資料', '展覧会']"
po002371,東京市立図書館標語,"['東京市立図書館: error', '標語']"
po002372,図書館週間,"['図書館', '週間']"
po002373,今月の文部省推薦図書,"['今月', '文部省', '推薦', '図書']"
po002374,秋田県図書館週間,"['秋田県', '図書館', '週間']"
po002375,読書週間,['読書週間']
po002377,山梨図書館週間,"['山梨', '図書館', '週間']"
po002378,朝鮮図書館週間,"['朝鮮', '図書館', '週間']"
po002379,読書週間,['読書週間']
po002380,図書館週間,"['図書館', '週間']"
po002381,山梨県図書館週間,"['山梨県', '図書館', '週間']"
po002382,山形県読書週間,"['山形県', '読書週間']"
po002383,信仰と迷信の展覧会,"['信仰', '迷信', '展覧会']"
po002384,郷土勤皇事績展覧会,"['郷土', '勤皇', '事績', '展覧会']"
po002385,移動図書館,['移動図書館']
po002386,堺市立図書館閲覧人員統計表,"['堺市立図書館: error', '閲覧', '人員', '統計', '表']"
po002387,堺市立図書館閲覧者閲覧図書統計表,"['堺市立図書館: error', '閲覧者', '閲覧', '図書', '統計', '表']"
po002388,図書館と博物館週間行事,"['図書館', '博物館', '週間', '行事']"
po002389,神戸市立図書館児童室統計表,"['神戸市立図書館: error', '児童', '室', '統計', '表']"
po002390,今月の文部省推薦図書,"['今月', '文部省', '推薦', '図書']"
po002391,今月の文部省推薦図書,"['今月', '文部省', '推薦', '図書']"
po002392,電気科学館,"['電気', '科学館']"
po002393,神戸市立図書館児童室（階上）平面図,"['神戸市立図書館: error', '児童', '室', '階上', '平面図: error']"
po002394,図書館週間,"['図書館', '週間']"
po002395,秋田図書館週間,"['秋田', '図書館', '週間']"
po002396,臨海文庫,"['臨海', '文庫']"
po002397,戊辰勤王七十年記念祭,"['戊辰', '勤王', '七', '十', '年', '記念祭']"
po002398,全国一斉図書館週間,"['全国一斉: error', '図書館', '週間']"
po002399,石川県　読書週間,"['石川県', '読書週間']"
po002400,緑蔭文庫,"['緑蔭', '文庫']"
po002401,大原幽学先生遺墨遺品展覧会,"['大原幽学', '先生', '遺墨', '遺品', '展覧会']"
po002402,図書館週間,"['図書館', '週間']"
po002403,埼玉県図書館デー,"['埼玉県', '図書館', 'デー']"
po002404,埼玉県図書館デー,"['埼玉県', '図書館', 'デー']"
po002405,東京市図書館週間,"['東京市', '図書館', '週間']"
po002406,埼玉県図書館デー,"['埼玉県', '図書館', 'デー']"
po002407,山梨県図書館週間,"['山梨県', '図書館', '週間']"
po002408,図書館週間,"['図書館', '週間']"
po002409,今月の文部省推薦図書,"['今月', '文部省', '推薦', '図書']"
po002410,図書館記念日四月二日,"['図書館記念日: error', '四月二日']"
po002411,小樽図書館週間,"['小樽', '図書館', '週間']"
po002412,福岡県読書週間,"['福岡県', '読書週間']"
po002413,台湾博物館週間,"['台湾', '博物館', '週間']"
po002414,第二十五回全国図書館大会,"['二', '十', '五', '回', '全国図書館大会: error']"
po002415,朝鮮全国一斉図書館週間,"['朝鮮', '全国一斉: error', '図書館', '週間']"
po002416,富山県図書館週間,"['富山県', '図書館', '週間']"
po002417,石川県読書週間,"['石川県', '読書週間']"
po002418,千葉県読書週間,"['千葉県', '読書週間']"
po002419,岩手県図書館週間,"['岩手県', '図書館', '週間']"
po002420,台湾図書館週間,"['台湾', '図書館', '週間']"
po002421,石川県図書館週間,"['石川県', '図書館', '週間']"
po002422,石川県図書館週間,"['石川県', '図書館', '週間']"
po002423,図書館週間,"['図書館', '週間']"
po002424,石川県図書館週間,"['石川県', '図書館', '週間']"
po002425,図書館週間,"['図書館', '週間']"
po002426,図書館週間,"['図書館', '週間']"
po002427,秋田県立秋田図書館,"['秋田', '県立', '秋田', '図書館']"
po002428,朝鮮図書館週間,"['朝鮮', '図書館', '週間']"
po002429,台湾図書館週間,"['台湾', '図書館', '週間']"
po002430,山形県図書館週間,"['山形県', '図書館', '週間']"
po002431,長崎県図書館週間,"['長崎県', '図書館', '週間']"
po002432,台湾図書館週間,"['台湾', '図書館', '週間']"
po002433,読書週間,['読書週間']
po002434,読書週間,['読書週間']
po002435,移動文庫,"['移動', '文庫']"
po002436,外山滋ヴァイオリン演奏会,"['外山滋: error', 'ヴァイオリン', '演奏会']"
po002437,関西学院グリークラブ　合唱演奏会,"['関西学院グリークラブ: error', '合唱', '演奏会']"
po002438,大谷冽子　ソプラノ独唱会,"['大谷', '冽', '子', 'ソプラノ', '独唱', '会']"
po002439,労音　６月例会,"['労音', '６月', '例会']"
po002440,グランドトリオの夕,"['グランドトリオ: error', '夕']"
po002442,北海道博,"['北海道', '博']"
po002443,スタア誕生,['スタア誕生']
po002444,1959教育映画祭,"['1959', '教育', '映画祭']"
po002445,夕鶴,['夕鶴']
po002446,宮中雅楽初公開,"['宮中', '雅楽', '公開']"
po002447,プロムジカ弦楽四十奏曲演奏会,"['プロムジカ', '弦楽', '四', '十', '奏', '曲', '演奏会']"
po002448,北海道大博覧会,['北海道大博覧会: error']
po002449,武蔵野音楽大学演奏会,"['武蔵野音楽大学', '演奏会']"
po002450,ゲルハルト・ヒユッシュ独唱会,"['ゲルハルト・ヒユッシュ: error', '独唱', '会']"
po002451,三国バレー発表会,"['三国', 'バレー', '発表会']"
po002452,北大グリーコール演奏会,"['北大', 'グリー', 'コール', '演奏会']"
po002453,岩本真理ヴァイオリン演奏会,"['岩本', '真理', 'ヴァイオリン', '演奏会']"
po002454,1957教育映画祭,"['1957', '教育', '映画祭']"
po002455,NHK交響楽団特別演奏会,"['NHK交響楽団', '特別', '演奏会']"
po002456,NHK交響楽団特別演奏会,"['NHK交響楽団', '特別', '演奏会']"
po002457,諏訪根自子ヴァイオリン演奏会,"['諏訪根自子: error', 'ヴァイオリン', '演奏会']"
po002458,ギリシャ政府派遣音楽使節による演奏会,"['ギリシャ政府', '派遣', '音楽', '使節', '演奏会']"
po002459,岩本真理ヴァイオリン独奏会,"['岩本', '真理', 'ヴァイオリン', '独奏', '会']"
po002460,天理高校吹奏楽部演奏会,"['天理高校', '吹奏楽部', '演奏会']"
po002461,中央大学マンドリンクラブ函館演奏会,"['中央大学', 'マンドリン', 'クラブ', '函館', '演奏会']"
po002463,文楽,['文楽']
po002464,ロメオとジュリエット,['ロメオとジュリエット']
po002465,大阪日本万国博,"['大阪', '日本万国博']"
po002466,函館総合卸見本市,"['函館', '総合', '卸', '見本市']"
po002468,エール大学グリークラブ演奏会,"['エール', '大学', 'グリークラブ', '演奏会']"
po002469,ロスアンゼルス交響楽団,"['ロスアンゼルス', '交響楽団']"
po002470,第24回音楽コンクール受賞者発表演奏会,"['24回', '音楽', 'コンクール', '受賞者', '発表', '演奏会']"
po002471,ウィーン・フィルハーモニー特別演奏会,"['ウィーン・フィル', 'ハーモニー', '特別', '演奏会']"
po002472,東北北海道産業振興共進会,"['東北', '北海道', '産業振興', '共進会']"
po002474,ピアノ演奏会原智恵子,"['ピアノ', '演奏会', '原智恵子: error']"
po002475,第27回三国バレエ発表会,"['27回', '三国', 'バレエ', '発表会']"
po002476,幽霊やしき,"['幽霊', 'しき']"
po002477,花荻先生と三太,"['花', '荻', '先生', '三太']"
po002478,グリーンコンサート,"['グリーン', 'コンサート']"
po002479,北海道博,"['北海道', '博']"
po002480,北洋博,"['北洋', '博']"
po002481,北洋博,"['北洋', '博']"
po002482,小樽総合見本市,"['小樽', '総合', '見本市']"
po002483,印度国際観光物産見本市,"['印度', '国際', '観光', '物産', '見本市']"
po002484,北海道博海の小樽会場,"['北海道', '博海: error', '小樽', '会場']"
po002485,春日八郎ショウ,"['春日八郎', 'ショウ']"
po002487,ＨＡＫＯＤＡＴＥ,['ＨＡＫＯＤＡＴＥ: error']
po002488,ＨＡＫＯＤＡＴＥ,['ＨＡＫＯＤＡＴＥ: error']
po002489,メサイヤ演奏会,"['メサイヤ', '演奏会']"
po002490,1955年教育映画祭,"['1955年', '教育', '映画祭']"
po002491,北洋博,"['北洋', '博']"
po002492,北洋博,"['北洋', '博']"
po002493,ソ連音楽２つの名花同時公演,"['ソ連', '音楽', '２つ', '名花', '同時', '公演']"
po002495,湯川温泉納凉まつり,"['湯川', '温', '泉納: error', '凉', 'まつり']"
po002496,北洋博函館カレンダー,"['北洋', '博', '函館', 'カレンダー']"
po002498,CIE図書館,['CIE図書館: error']
po002499,第１４回英語劇公演夏の夜の夢,"['１', '４', '回', '英語', '劇', '公演', '夏の夜の夢']"
po002500,ベートーベンの生涯,"['ベートーベン', '生涯']"
po002503,ナンの悲劇,"['ナン', '悲劇']"
po002504,第9回英語劇の夕　聖者の泉,"['9回', '英語', '劇', '夕', '聖者', '泉']"
po002505,第8回英語劇の夕　我等の町,"['8回', '英語', '劇', '夕', '我等の町: error']"
po002506,らくだの夕,"['らくだ', '夕']"
po002507,第6回英語劇の夕　ピグマリオン,"['6回', '英語', '劇', '夕', 'ピグマリオン']"
po002508,NHK郷土芸能発表大会,"['NHK', '郷土芸能', '発表', '大会']"
po002509,NHK交響楽団特別演奏会,"['NHK交響楽団', '特別', '演奏会']"
po002510,第7回英語劇の夕”御婦人は皆知っている”,"['7回', '英語', '劇', '夕', '婦人', '皆']"
po002511,第15回函館地区高校演劇発表会,"['15回', '函館', '地区', '高校演劇', '発表会']"
po002512,第一回発表会童話劇の集い,"['一', '回', '発表会', '童話', '劇', '集い']"
po002513,第13回公演メドウサの首,"['13回', '公演', 'メドウサ', '首']"
po002514,第10回英語劇の夕ドーヴァー街道,"['10回', '英語', '劇', '夕', 'ドーヴァー', '街道']"
po002515,第12回英語劇─LifewithFather　おやじとともに─,"['12回', '英語', '劇', 'LifewithFather: error', 'おやじ']"
po002517,東京大学男声ダブルカルテットオクトパス演奏会,"['東京大学', '男声', 'ダブルカルテットオクトパス: error', '演奏会']"
po002518,第13回英語劇わかれ,"['13回', '英語', '劇']"
po002519,全函館大合唱祭,"['函館大', '合唱', '祭']"
po002520,第9回函館市公民館少年少女絃楽合奏団,"['9回', '函館市', '公民館', '少年少女', '絃楽', '合奏', '団']"
po002521,HBCジュニアコンサート,"['HBC', 'ジュニア', 'コンサート']"
po002522,第13回全函館吹奏楽祭,"['13回', '函館', '吹奏楽', '祭']"
po002523,第1回定期演奏会函館吹奏楽団,"['1回', '定期演奏会', '函館', '吹奏楽', '団']"
po002524,第6回全函館吹奏楽合同演奏会,"['6回', '函館', '吹奏楽', '合同', '演奏会']"
po002525,第8回全函館吹奏楽合同演奏会,"['8回', '函館', '吹奏楽', '合同', '演奏会']"
po002526,第14回全函館大合唱祭,"['14回', '函館大', '合唱', '祭']"
po002527,東京コラリアーズ,['東京コラリアーズ: error']
po002528,東北大学男声合唱団演奏会,"['東北大学', '男声合唱', '団', '演奏会']"
po002529,第6回ヴアイオリン祭,"['6回', 'ヴアイオリン: error', '祭']"
po002530,歳末たすけあい協賛クリスマス音楽会,"['歳末たすけあい', '協賛', 'クリスマス', '音楽会']"
po002531,吹奏楽合同演奏会,"['吹奏楽', '合同', '演奏会']"
po002532,第11回函館市民文化祭音楽祭,"['11回', '函館市民: error', '文化祭', '音楽祭']"
po002533,第15回全函館大合唱祭,"['15回', '函館大', '合唱', '祭']"
po002534,第16回全函館大合唱祭,"['16回', '函館大', '合唱', '祭']"
po002535,ワグネルソサィエティー演奏会,"['ワグネルソサィエティー: error', '演奏会']"
po002537,諏訪根自子リサイタル,"['諏訪根自子: error', 'リサイタル']"
po002538,掲示についてお願い,"['掲示', 'お願い']"
po002539,只野ポンチ　軽笑楽劇隊,"['只野', 'ポンチ', '笑', '楽劇', '隊']"
po002540,東京大学オーケストラ,"['東京大学', 'オーケストラ']"
po002588,2006特別企画展　没後20年梁川剛一,"['2006', '特別企画', '展', '没後', '20年', '梁川剛一: error']"
po002617,焼失戸数並損害価格表,"['焼失', '戸数', '並', '損害', '価格', '表']"
po002618,火災原因並度数表,"['火災', '原因', '並', '度数', '表']"
po002643,第9回黒船祭,"['9回', '黒船祭: error']"
po002649,ひらり　花の数ほどの出逢い。　HAKODATE,"['花', '数', 'HAKODATE']"
po002651,函館　HAKODATE　この胸いっぱいに、潮風の想い出。「函館」。,"['函館', 'HAKODATE', '胸いっぱい: error', '潮風', '想い出', '函館']"
po002652,はこだて　冬も、いいね。HAKODATE,"['冬', 'いいね', 'HAKODATE']"
po002653,函館　また、いこう。　HAKODATE,"['函館', 'HAKODATE']"
po002654,ROMANTIC　HAKODATE　函館　星のように、雪。,"['ROMANTIC', 'HAKODATE', '函館', '星', 'よう', '雪']"
po002655,ROMANTIC　HAKODATE　函館　幻のように、港。,"['ROMANTIC', 'HAKODATE', '函館', '幻', 'よう', '港']"
po002656,HAKODATE　新しい「函館」が動き出す。,"['HAKODATE', '函館']"
po002657,HAKODATE　新しい「函館」が花開く。,"['HAKODATE', '函館']"
po002663,きらり　星の数ほどの情緒。　HAKODATE,"['星', '数', '情緒', 'HAKODATE']"
po002757,昭和9年休日表,"['昭和9年', '休日', '表']"
po002758,昭和8年休日表,"['昭和8年', '休日', '表']"
po004024,平成12年度特別展　五稜郭　,"['平成12年度', '特別展', '五稜郭']"
po004048,市立函館博物館平成22年度特別展　縄文の至宝,"['市立函館博物館', '平成22年度', '特別展', '縄文', '至宝']"
po004094,特別展　日本の玩具,"['特別展', '日本', '玩具']"
po004110,箱館戦記―激動の時代と無名の志士達―,"['箱館', '戦記', '激動', '時代', '無名', '志士', '達']"
po004118,戊辰戦争終結130周年　戊辰戦争　鳥羽・伏見から箱館まで,"['戊辰戦争', '終結', '130周年', '戊辰戦争', '鳥羽', '伏見', '箱館']"
po004129,特別企画展　古地図にみる北海道,"['特別企画', '展', '地図', '北海道']"
po004142,函館山,['函館山']
po005094,梁川剛一　挿し絵原画展,"['梁川剛一: error', '挿し絵', '原画', '展']"
po005234,平成二四年度市立函館博物館企画展　函館の麦酒,"['平成', '二', '四', '年度', '市立函館博物館', '企画展', '函館', '麦酒']"
po005292,平成二四年度市立博物館企画展　写された幕末・明治の函館,"['平成', '二', '四', '年度', '市立', '博物館', '企画展', '幕末', '明治', '函館']"
po005361,2013市立函館博物館企画展　函館商人の人生模様,"['2013', '市立函館博物館', '企画展', '函館', '商人', '人生模様']"
po005440,平成23年度企画展　描かれた箱館戦争　幕末の動乱と蝦夷地への道,"['平成23年度', '企画展', '箱館戦争', '幕末', '動乱', '蝦夷地', '道']"
po005520,函館市縄文文化交流センターオープン記念ロビー展　現代に息づく縄文文化　亀ヶ岡焼－一戸広臣の世界－,"['函館市縄文文化交流センター: error', 'オープン', '記念', 'ロビー', '展', '現代', '縄文文化', '亀', 'ヶ', '岡焼: error', '一戸', '広臣', '世界']"
po005589,1996特別展　幕末の箱館,"['1996', '特別展', '幕末', '箱館']"
po005603,1996特別企画展　函館の自然詩,"['1996', '特別企画', '展', '函館', '自然', '詩']"
po005624,増本茶舗の包装紙,"['増本', '茶舗', '包装', '紙']"
po005625,本館落成　開店大売出し　全店　函館今井,"['本館', '落成', '開店', '大売出し', '全店', '函館', '今井']"
po005627,函館市制施行70周年特別企画展〈函館日米協会再発足1周年記念〉　箱館開港とペリーの足跡,"['函館市', '制', '施行', '70周年', '特別企画', '展', '函館', '日米協会', '発足', '1周年', '記念', '箱館', '開港', 'ペリー', '足跡']"
po005629,乳幼児愛護デー　乳幼児無料健康相談,"['乳幼児', '愛護', 'デー', '乳幼児', '無料', '健康', '相談']"
po005638,特別展　北への道,"['特別展', '北へ', '道']"
po005639,パンと菓子の精養軒双六,"['パン', '菓子', '精養軒', '双六']"
po005640,1988特別企画展　THEHAKODADI,"['1988', '特別企画', '展', 'THEHAKODADI: error']"
po005663,1992特別展　描かれた箱館五稜郭,"['1992', '特別展', '箱館', '五稜郭']"
po005666,1992特別企画展　大むかしの函館,"['1992', '特別企画', '展', 'むかし', '函館']"
po005764,特別展　箱館海戦記,"['特別展', '箱館', '海戦', '記']"
po005803,2009特別展　みなとHAKODADIハイカラ展,"['2009', '特別展', 'みなと', 'HAKODADI: error', 'ハイカラ', '展']"
po005829,北洋博ニュース　開催中…8月31日まで函館,"['北洋', '博', 'ニュース', '開催中', '8月31日', '函館']"
po005904,新島襄と幕末の箱館　平成25年度市立函館博物館企画展,"['新島襄', '幕末', '箱館', '平成25年度', '市立函館博物館', '企画展']"
po005993,平成21年度中空土偶展　国宝中空土偶と函館の文化財,"['平成21年度', '中空土偶: error', '展', '国宝', '中空土偶: error', '函館', '文化財']"
po006022,港祭記念郷土文化展覧会,"['港', '祭', '記念', '郷土文化', '展覧会']"
po006047,賀新年　明治三十七年略暦,"['賀', '新年', '明治', '三', '十', '七', '年', '略', '暦']"
po006065,現代書と墨・硯　函館の五人展,"['現代書', '墨', '硯', '函館', '五', '人', '展']"
po006096,懸賞当選標語,"['懸賞', '当選', '標語']"
po006120,養鶏界空前の催し　全国養鶏大会　,"['養鶏', '界', '空前', '催し', '全国', '養鶏', '大会']"
po006128,電気安全月間,"['電気', '安全', '月間']"
po006131,みんなで節電致しましょう,"['みんな', '節電']"
po006136,平和記念東京博覧会,['平和記念東京博覧会']
po006138,衛生的改良箱詰塩鮭鱒,"['衛生的', '改良', '箱詰: error', '塩鮭', '鱒']"
po006166,2004特別企画展　ペリー箱館来航150年,"['2004', '特別企画', '展', 'ペリー', '箱館', '来航', '150年']"
po006180,第14回　さっぽろ雪まつり,"['14回', 'さっぽろ雪まつり']"
po006181,第14回　さっぽろ雪まつり,"['14回', 'さっぽろ雪まつり']"
po006204,北洋博　芸能ニュース　提供[丸井]今井,"['北洋', '博', '芸能ニュース', '提供', '丸井', '今井']"
po006205,北洋博　芸能ニュース　［ボーニ］森屋提供,"['北洋', '博', '芸能ニュース', 'ボーニ: error', '森屋', '提供']"
po006206,北洋博　芸能ニュース　札幌酒精工業株式会社提供,"['北洋', '博', '芸能ニュース', '札幌酒精工業株式会社: error', '提供']"
po006207,北洋博　催物ニュース　川守田商店提供,"['北洋', '博', '催物', 'ニュース', '川守田', '商店', '提供']"
po006208,北洋博　催物ニュース　提供［丸井］今井,"['北洋', '博', '催物', 'ニュース', '提供', '丸井', '今井']"
po006209,北洋博　催物ニュース,"['北洋', '博', '催物', 'ニュース']"
po006210,北洋博福引付前売入場券発売中,"['北洋', '博', '福引', '付', '前売', '入場券', '発売中']"
po006211,信州善光寺出開帳尼公上人御親修大法要,"['信州善光寺: error', '出開帳', '尼公', '上人', '親', '修大', '法要']"
po006212,北洋博前売入場券景品当せん番号表,"['北洋', '博', '前売', '入場券', '景品', '当せん番号: error', '表']"
po006213,北洋博ポスター図案コンテスト,"['北洋', '博', 'ポスター', '図案', 'コンテスト']"
po006215,ポンと…100万円豪華抽せん付　北洋博前売券発売中,"['ポン', '100万円', '豪華', '抽せん', '付', '北洋', '博', '前売', '券', '発売中']"
po006216,記念発売　北洋音頭,"['記念', '発売', '北洋', '音頭']"
po006217,北洋博　催物ニュース　［ボーニ］森屋提供,"['北洋', '博', '催物', 'ニュース', 'ボーニ: error', '森屋', '提供']"
po006228,口腔衛生週間　紳士淑女のエチケット　歯のクリーニング,"['口腔', '衛生', '週間', '紳士', '淑女', 'エチケット', '歯', 'クリーニング']"
po006232,函館大火20周年　想い起せよ昭和9年3月21日,"['函館大火: error', '20周年', '昭和9年', '3月21日']"
po006236,初心者のためのスポーツ教室,"['初心者', 'ため', 'スポーツ', '教室']"
po006239,みんなの町をきれいにしよう,"['みんな', '町', 'きれい', 'しよう']"
po006253,昭和三十二年［カレンダー］,"['昭和', '三', '十', '二', '年', 'カレンダー']"
po006261,昭和27年［カレンダー］,"['昭和27年', 'カレンダー']"
po006262,昭和二十八年癸巳平年［カレンダー］,"['昭和', '二', '十', '八', '年', '癸巳', '平年', 'カレンダー']"
po006265,大沼国定公園　1962［カレンダー］,"['大沼国定公園: error', '1962', 'カレンダー']"
po006267,生れ変った小包料金,"['小包', '料金']"
po006280,つゝしみの日　三月二十一日大火災記念行事,"['しみ', '日', '三月二十一日', '大火災', '記念', '行事']"
po006281,火災を無くしましょう！　函館大火24周年火災をなくする運動,"['火災', '函館大火: error', '24周年', '火災', '運動']"
po006284,総合文化雑誌　海峡,"['総合', '文化', '雑誌', '海峡']"
po006285,第5回全日本切手展　函館地区展,"['5回', '全日本切手展: error', '函館', '地区', '展']"
po006287,1955年［カレンダー］,"['1955年', 'カレンダー']"
po006293,刑務所製品展示即売会,"['刑務所', '製品', '展示即売会']"
po006294,刑務所製品展示即売会,"['刑務所', '製品', '展示即売会']"
po006295,刑務所製品展示即売会,"['刑務所', '製品', '展示即売会']"
po006299,刑務所製作品展示即売会,"['刑務所', '製', '作品', '展示即売会']"
po006300,刑務所作業製品展示即売会,"['刑務所', '作業', '製品', '展示即売会']"
po006301,刑務所作業製品展示即売会,"['刑務所', '作業', '製品', '展示即売会']"
po006304,郵便案内,"['郵便', '案内']"
po006307,観光切手と風景スタンプ展,"['観光', '切手', '風景', 'スタンプ', '展']"
po006308,HAKODATE　朝もやの教会、雪の坂道。幼い日の記憶…函館。,"['HAKODATE', '朝もや', '教会', '雪', '坂道', '日', '記憶', '函館']"
po006311,HAKODATE　いつか来た夕暮れの石畳。懐かしさ抱え、歩く・・・函館。,"['HAKODATE', 'いつか', '夕暮れ', '石畳', '懐かしさ', '函館']"
po006314,新憲法施行三周年記念行事,"['憲法', '施行', '三', '周年', '記念', '行事']"
po006319,第11回読書感想文公募,"['11回', '読書感想文', '公募']"
po006320,第10回読書感想文コンクール,"['10回', '読書感想文', 'コンクール']"
po006322,第9回読書感想文コンクール,"['9回', '読書感想文', 'コンクール']"
po006323,第6回読書週間感想文コンクール,"['6回', '読書週間', '感想文', 'コンクール']"
po006324,第7回読書週間感想文コンクール,"['7回', '読書週間', '感想文', 'コンクール']"
po006325,第8回読書週間感想文コンクール,"['8回', '読書週間', '感想文', 'コンクール']"
po006326,昭和35年度読書週間記念　第3回函館市読書感想文コンクール,"['昭和35年', '度', '読書週間', '記念', '3回', '函館市', '読書感想文', 'コンクール']"
po006330,昭和33年度読書週間記念　第1回函館市読書感想文コンクール,"['昭和33年', '度', '読書週間', '記念', '1回', '函館市', '読書感想文', 'コンクール']"
po006331,第2回父の日、母の日、記念感想文・詩公募,"['2回', '父の日', '母の日', '記念', '感想文', '詩', '公募']"
po006332,日本歴史をよむ会,"['日本歴史', '会']"
po006334,啄木展,"['啄木', '展']"
po006337,第15回函館市成人祭記念　感想文と標語の公募,"['15回', '函館市', '成人', '祭', '記念', '感想文', '標語', '公募']"
po006338,第16回函館市成人祭記念　感想文と標語の公募,"['16回', '函館市', '成人', '祭', '記念', '感想文', '標語', '公募']"
po006339,第十七回函館市成人祭記念　感想文と標語の公募,"['十', '七', '回', '函館市', '成人', '祭', '記念', '感想文', '標語', '公募']"
po006340,第十八回函館市成人祭記念　感想文の募集,"['十', '八', '回', '函館市', '成人', '祭', '記念', '感想文', '募集']"
po006341,昭和23年度　開道八十周年記念文化祭,"['昭和23年', '度', '開道', '八', '十', '周年', '記念', '文化祭']"
po006344,市立函館図書館・市立ハリファックス地方図書館姉妹提携調印式,"['市立', '函館', '図書館', '市立', 'ハリファックス', '地方', '図書館', '姉妹', '提携', '調印', '式']"
po006356,NHK函館教育テレビジョン局開局記念　文化講演会,"['NHK', '函館', '教育', 'テレビジョン', '局', '開局', '記念', '文化講演会']"
po006375,はこだて　次は、どんな函館に会えるんだろう。,"['次', '函館', 'ん']"
po006377,楽しい良い子の移動動物園,"['子', '移動動物園']"
po006378,函館山三十三観音遷座法要,"['函館山', '三十三観音', '遷座', '法要']"
po006379,レクリエーションの夕,"['レクリエーション', '夕']"
po006380,市民氷上カーニバル,"['市民', '氷上', 'カーニバル']"
po006381,国連デー記念　講演と映画の夕,"['国連', 'デー', '記念', '講演', '映画', '夕']"
po006382,1965年北海道教育映画祭　優秀教育映画上映の夕,"['1965年', '北海道', '教育映画', '祭', '優秀', '教育映画', '上映', '夕']"
po006384,和倉温泉空前のアイヌ熊祭,"['和倉温泉', '空前', 'アイヌ', '熊祭']"
po006396,函館営林局創設5周年記念　森林文化展,"['函館', '営林局', '創設', '5周年', '記念', '森林', '文化', '展']"
po006403,江戸時代後期絵画名作,"['江戸時代', '後期', '絵画', '名作']"
po006404,母の日記念　第8回感想文（詩・作文）募集,"['母の日', '記念', '8回', '感想文', '詩', '作文', '募集']"
po006405,母の日記念　第7回感想文（詩・作文）募集,"['母の日', '記念', '7回', '感想文', '詩', '作文', '募集']"
po006406,第10回母の日記念感想文・詩　公募,"['10回', '母の日', '記念', '感想文', '詩', '公募']"
po006407,第9回母の日記念感想文公募,"['9回', '母の日', '記念', '感想文', '公募']"
po006408,母の日記念　第12回感想文詩作文募集,"['母の日', '記念', '12回', '感想文', '詩作', '文', '募集']"
po006411,室町時代絵画展,"['室町時代', '絵画', '展']"
po006423,文化祭,['文化祭']
po006426,港まつりアイヌ絵画展覧会,"['港', 'まつり', 'アイヌ', '絵画', '展覧会']"
po006431,地方自治振興青年弁論大会　渡島函館地区地方予選,"['地方自治', '振興', '青年', '弁論大会', '渡島', '函館', '地区', '地方', '予選']"
po006434,カトリック講演会,"['カトリック', '講演会']"
po006437,朝鮮動乱のニュース映画と講演会,"['朝鮮', '動乱', 'ニュース映画', '講演会']"
po006440,宗教講演会,"['宗教', '講演会']"
po006443,北海道教育委員会委員選挙,"['北海道教育委員会: error', '委員', '選挙']"
po006444,普選30周年　婦人参政10周年　記念　選挙人名簿をご覧下さい,"['普', '選', '30周年', '婦人', '参政', '10周年', '記念', '選挙人名簿', 'ご覧']"
po006446,衆議院議員総選挙　最高裁判所裁判官国民審査　正しい政治は公明選挙から　,"['衆議院議員総選挙', '最高裁判所裁判官国民審査', '政治', '公明', '選挙']"
po006447,衆議院議員総選挙　最高裁判所裁判官国民審査　公明選挙　正しい政治　住みよい日本,"['衆議院議員総選挙', '最高裁判所裁判官国民審査', '公明', '選挙', '政治', '日本']"
po006448,近ずく!!教育委員選挙　十月五日一せい投票,"['ずく', '教育委員', '選挙', '十月五日', '一', 'せい', '投票']"
po006449,来るべき総選挙　教育委員選挙,"['総選挙', '教育委員', '選挙']"
po006451,総選挙　十月五日　教育委員会法公布　昭和二十三年十一月一日から発足,"['総選挙', '十月五日', '教育委員会法: error', '公布', '昭和', '二', '十', '三', '年', '十一月一日', '発足']"
po006453,北海道教育委員会委員選挙,"['北海道教育委員会: error', '委員', '選挙']"
po006456,選挙　衆議院議員総選挙　参議院議員通常選挙,"['選挙', '衆議院議員総選挙', '参議院議員通常選挙']"
po006462,公明選挙　衆議院議員総選挙　最高裁判所裁判官国民審査　あなた自身のもの…　,"['公明', '選挙', '衆議院議員総選挙', '最高裁判所裁判官国民審査', 'あなた', '自身', 'もの']"
po006474,第12回読書感想文公募,"['12回', '読書感想文', '公募']"
po006481,第13回市民文芸作品公募　第16回読書感想文公募,"['13回', '市民', '文芸作品', '公募', '16回', '読書感想文', '公募']"
po006482,第14回読書感想文公募,"['14回', '読書感想文', '公募']"
po006511,青少年の保護育成運動,"['青少年', '保護', '育成', '運動']"
po006512,全国清掃美化運動,"['全国', '清掃', '美化', '運動']"
po006518,函館　うみのにおい。,"['函館', 'うみの', 'におい']"
po006519,与謝野寛・晶子之歌碑　碑面,"['与謝野', '寛', '晶子', '歌碑', '碑', '面']"
po006524,第12回市民文芸作品公募　第15回読書感想文公募,"['12回', '市民', '文芸作品', '公募', '15回', '読書感想文', '公募']"
po006528,郷土の植物動物資料展,"['郷土', '植物', '動物', '資料', '展']"
po006529,本さまざま展,"['さまざま', '展']"
po006530,啄木展,"['啄木', '展']"
po006531,啄木資料展,"['啄木', '資料', '展']"
po006533,港まつり協賛　函館の港　絵と写真で見る今昔展,"['港', 'まつり', '協賛', '函館', '港', '絵', '写真', '今昔', '展']"
po006534,啄木展,"['啄木', '展']"
po006536,港まつり協賛　郷土開拓資料展,"['港', 'まつり', '協賛', '郷土', '開拓', '資料', '展']"
po006537,港まつり協賛展　“箱館の文明開化と異人たち”,"['港', 'まつり', '協賛', '展', '箱館', '文明開化', '異人', 'たち']"
po006538,むかしむかしの絵でみる北海道ひとまわり　開港112年函館港まつり協賛展　,"['むかし', 'むかし', '絵', '北海道', 'ひと', 'まわり', '開港', '112年', '函館港', 'まつり', '協賛', '展']"
po006540,郷土遊寓名士遺墨展,"['郷', '土遊: error', '寓', '名士', '遺墨', '展']"
po006542,港まつり協賛　函館文学展,"['港', 'まつり', '協賛', '函館', '文学', '展']"
po006543,港まつり協賛　郷土開拓資料展,"['港', 'まつり', '協賛', '郷土', '開拓', '資料', '展']"
po006544,“五稜郭と函館戦争”資料展,"['五稜郭', '函館', '戦争', '資料', '展']"
po006546,読書週間行事　第3回函館史跡散歩の開催,"['読書週間', '行事', '3回', '函館', '史跡', '散歩', '開催']"
po006550,港まつり協賛展　“箱館の文明開化と異人たち”,"['港', 'まつり', '協賛', '展', '箱館', '文明開化', '異人', 'たち']"
po006551,啄木展,"['啄木', '展']"
po006552,啄木遺跡めぐり　啄木展,"['啄木', '遺跡', '啄木', '展']"
po006554,函館　ゆきのにおい。,"['函館', 'ゆきの', 'におい']"
po006555,第十回函館市文化祭,"['十', '回', '函館市', '文化祭']"
po006556,第18回函館市民文化祭記念　市民文芸作品募集,"['18回', '函館市民: error', '文化祭', '記念', '市民', '文芸', '作品募集']"
po006557,第15回函館市民文化祭記念　文芸作品募集,"['15回', '函館市民: error', '文化祭', '記念', '文芸作品', '募集']"
po006558,第15回函館市民文化祭記念行事　市民文化のつどい,"['15回', '函館市民: error', '文化祭', '記念', '行事', '市民', '文化', 'つどい']"
po006559,第13回函館市成人祭　記念文芸作品公募,"['13回', '函館市', '成人', '祭', '記念', '文芸作品', '公募']"
po006560,第17回函館市民文化祭記念　文芸作品募集,"['17回', '函館市民: error', '文化祭', '記念', '文芸作品', '募集']"
po006563,1月15日　成人の日,"['1月15日', '成人の日']"
po006567,第16回函館市民文化祭記念　文芸作品募集,"['16回', '函館市民: error', '文化祭', '記念', '文芸作品', '募集']"
po006568,雪まつり,['雪まつり']
po006570,第三回成人祭　スクェアダンスパーテー　青年の希望を語る夕,"['三', '回', '成人', '祭', 'スクェアダンスパーテー: error', '青年', '希望', '夕']"
po006571,家庭生活科学研究会,"['家庭', '生活科学', '研究会']"
po006572,第8回函館市文化祭,"['8回', '函館市', '文化祭']"
po006573,第16回函館市民文化祭記念行事　市民文化交歓の夕,"['16回', '函館市民: error', '文化祭', '記念', '行事', '市民', '文化', '交歓', '夕']"
po006576,五稜郭戦争資料展　100年記念,"['五稜郭', '戦争', '資料', '展', '100年', '記念']"
po006577,国宝重美　桃山美術展,"['国宝', '重美', '桃山', '美術', '展']"
po006580,ゆかりの能登で　アイヌの熊祭,"['ゆかり', '能登', 'アイヌ', '熊祭']"
po006584,第九回　社会を明るくする運動,"['九', '回', '社会を明るくする運動']"
po006587,HAKODATECITYCENTRALLIBRARY　函館再発見。,"['H', 'AKODATECITYCENTRALLIBRARY: error', '函館', '発見']"
po006597,開国百年ペルリ祭　記念展覧会,"['開国', '百', '年', 'ペルリ', '祭', '記念', '展覧会']"
po006598,25年第1回　函館競輪,"['25年', '1回', '函館競輪: error']"
po006599,第5回全道視聴覚教育研究大会,"['5回', '道', '視聴覚教育', '研究', '大会']"
po006600,第3回函館市視聴覚教育月間,"['3回', '函館市', '視聴覚教育', '月間']"
po006606,第二回視聴覚教育週間,"['二', '回', '視聴覚教育', '週間']"
po006607,第9回函館市理科作品展,"['9回', '函館市', '理科', '作品展']"
po006608,堤鐔コレクション　国宝重美刀剣,"['堤', '鐔', 'コレクション', '国宝', '重美', '刀剣']"
po006610,日本古美術名品展,"['日本', '古美術', '名品', '展']"
po006611,日本名槍展,"['日本名', '槍', '展']"
po006617,第11回函館市理科作品展,"['11回', '函館市', '理科', '作品展']"
po006620,五稜郭築城100年記念行事,"['五稜郭', '築城', '100年', '記念', '行事']"
po006622,はこだて楽焼同好会“土”第1回作品展示会,"['楽焼', '同好会', '土', '1回', '作品', '展示会']"
po006623,第7回函館市理科作品展,"['7回', '函館市', '理科', '作品展']"
po006624,大南洋展,"['南洋', '展']"
po006625,飼犬は必ず　保健所へ登録を！,"['飼犬', '保健所', '登録']"
po006626,海は招く!!　市民海水浴場へどうぞ,"['海', '市民', '海水浴場']"
po006628,第1回函館市理科作品展示会,"['1回', '函館市', '理科', '作品', '展示会']"
po006630,第4回函館市理科作品展,"['4回', '函館市', '理科', '作品展']"
po006631,第8回函館市理科作品展,"['8回', '函館市', '理科', '作品展']"
po006632,第10回函館市理科作品展,"['10回', '函館市', '理科', '作品展']"
po006635,江戸時代前期絵画名作,"['江戸時代', '前期', '絵画', '名作']"
po006637,日本洋画名作展,"['日本', '洋画', '名作', '展']"
po006639,飼犬は必ず登録して下さい,"['飼犬', '登録']"
po006640,青年学級生募集,"['青年学級', '生', '募集']"
po006642,青年学級生募集,"['青年学級', '生', '募集']"
po006643,青年学級生募集,"['青年学級', '生', '募集']"
po006646,図書館分館読書講座　新聞のよみ方,"['図書館', '分館', '読書', '講座', '新聞', '方']"
po006649,公民館　新春の定期講座,"['公民館', '新春', '定期', '講座']"
po006650,3回　大学祭,"['3回', '大学祭']"
po006656,函館商科短期大学　学生募集,"['函館商科短期大学: error', '学生', '募集']"
po006661,水産報国　学生募集,"['水産', '報国', '学生', '募集']"
po006664,第三十六回海軍記念日　軍事講演会,"['三', '十', '六', '回', '海軍記念日', '軍事', '講演会']"
po006665,敬老デー,"['敬老', 'デー']"
po006666,興亜運動大講演会,"['興亜', '運動', '講演会']"
po006667,官立小樽海員養成所生徒募集,"['官立', '小樽', '海員', '養成', '所', '生徒', '募集']"
po006668,六月十日　時の記念日,"['六月十日', '時の記念日: error']"
po006672,十月二十日　市会議員総選挙,"['十月二十日', '市会', '議員', '総選挙']"
po006673,第二期『文学鑑賞講座』受講会員募集!!,"['二期', '文学', '鑑賞', '講座', '受講', '会員', '募集']"
po006674,Hakodate,['Hakodate']
po006675,Hakodate,['Hakodate']
po006676,公民館の英語講座,"['公民館', '英語', '講座']"
po006680,夏期大学　受講申込みの受付開始!!,"['夏期', '大学', '受講', '申込み', '受付', '開始']"
po006681,夏季大学講座,"['夏季', '大学講座']"
po006682,夏期大学講座,"['夏期', '大学講座']"
po006683,夏期大学講座,"['夏期', '大学講座']"
po006684,市民のための大学開放講座　文部省委嘱,"['市民', 'ため', '大学', '開放', '講座', '文部省', '委嘱']"
po006686,市民のための大学開放講座　文部省委嘱,"['市民', 'ため', '大学', '開放', '講座', '文部省', '委嘱']"
po006687,市民大学講座　第一部,"['市民大学講座', '一部']"
po006688,市民大学講座　第2部,"['市民大学講座', '第2部']"
po006694,昭和36年度　第3期　成人学校,"['昭和36年', '度', '3期', '成人', '学校']"
po006696,函館市成人学校　第1期,"['函館市', '成人', '学校', '1期']"
po006700,函館市成人学校　第2期,"['函館市', '成人', '学校', '2期']"
po006701,函館市成人学校　第2期,"['函館市', '成人', '学校', '2期']"
po006703,函館市成人学校　第3期,"['函館市', '成人', '学校', '3期']"
po006707,昭和30年度　函館市成人学校　第1期,"['昭和30年', '度', '函館市', '成人', '学校', '1期']"
po006708,昭和30年度　函館市成人学校　第2期,"['昭和30年', '度', '函館市', '成人', '学校', '2期']"
po006709,昭和30年度　函館市成人学校　第3期,"['昭和30年', '度', '函館市', '成人', '学校', '3期']"
po006739,大東亜戦争一周年記念　決戦突破大運動,"['大東亜戦争', '一周年', '記念', '決戦', '突破', '運動']"
po006740,新穀感謝祭,"['新穀', '感謝祭']"
po006741,奉祝紀元二千六百年　市民奉祝大会　家庭奉祝,"['奉祝', '紀元二千六百年', '市民', '奉祝', '大会', '家庭', '奉祝']"
po006742,満州建国十周年慶祝　大東亜経済建設　展覧会,"['満州', '建国', '十', '周年', '慶祝', '大東亜: error', '経済', '建設', '展覧会']"
po006743,陸軍恤兵展覧会,"['陸軍', '恤兵: error', '展覧会']"
po006744,ファシスタ伊太利亜大展覧会,"['ファシスタ: error', '伊太利', '亜大', '展覧会']"
po006745,銃後奉公大展覧会,"['銃後', '奉公', '展覧会']"
po006746,勝ち抜く経済展覧会,"['経済', '展覧会']"
po006747,高度国防経済展覧会　経済と海軍力展覧会,"['高度', '国防', '経済', '展覧会', '経済', '海軍力', '展覧会']"
po006748,皇国敬神大会,"['皇国', '敬神', '大会']"
po006749,支那事変四周年記念行事要項,"['支那事変', '四', '周年', '記念', '行事', '要項']"
po006750,つゝしみの日　三月二十一日大火災記念日,"['しみ', '日', '三月二十一日', '大火災', '記念日']"
po006751,市会議員総選挙　誓って正しく必ず投票,"['市会', '議員', '総選挙', '投票']"
po006752,紀元二千六百年記念　全国児童愛護運動,"['紀元二千六百年', '記念', '全国', '児童', '愛護', '運動']"
po006753,大東亜戦争完遂のため！　土地建物等を売れば,"['大東亜戦争', '完遂', 'ため', '土地', '建物', '等']"
po006754,軍人援護強化運動,"['軍人', '援護', '強化', '運動']"
po006755,ファンのお正月はこれから絶対豪華陣!!!　20日より　人肌観音　椿姫,"['ファン', 'お正月', '絶対', '豪華', '陣', '20日', '人肌', '観音', '椿姫']"
po006758,銃後奉公強化運動,"['銃後', '奉公', '強化', '運動']"
po006759,軍人援護強化運動,"['軍人', '援護', '強化', '運動']"
po006760,支那事変二周年記念日,"['支那事変', '二', '周年', '記念日']"
po006761,大火災十周年記念日,"['大火災', '十', '周年', '記念日']"
po006763,HAKODATECITYCENTRALLIBRARY　本に逢いに行こう。,"['H', 'AKODATECITYCENTRALLIBRARY: error', '本']"
po006775,さくらまつり,"['さくら', 'まつり']"
po006786,第3回函館山市民ハイキング大会,"['3回', '函館山', '市民', 'ハイキング', '大会']"
po006787,第5回函館山市民ハイキング大会,"['5回', '函館山', '市民', 'ハイキング', '大会']"
po006788,第6回函館山市民ハイキング大会,"['6回', '函館山', '市民', 'ハイキング', '大会']"
po006789,第9回函館山市民ハイキング大会,"['9回', '函館山', '市民', 'ハイキング', '大会']"
po006790,第13回函館山市民ハイキング大会,"['13回', '函館山', '市民', 'ハイキング', '大会']"
po006793,昭和25年　国勢調査　十月一日,"['昭和25年', '国勢調査', '十月一日']"
po006794,昭和二十五年　十月一日　国勢調査,"['昭和', '二', '十', '五', '年', '十月一日', '国勢調査']"
po006796,昭和二十六年　北海道常任人口調査,"['昭和', '二', '十', '六', '年', '北海道', '常任', '人口', '調査']"
po006797,職業訓練生製作品展示即売会,"['職業訓練', '生', '製', '作品', '展示即売会']"
